id,sr,index,size,centroid,flux,rolloff,flatness,spread,skewness,kurtosis,crest,rms
26f6907f3,48000,0,2880,0.0,0.0,0.0,0.0,0.0,0.0,0.0,0.0,0.0
62c4f6ac9,48000,2880,2880,0.0,0.0,0.0,0.0,0.0,0.0,0.0,0.0,0.0
26b8b9cf8,48000,5760,2880,1866.6681,5.3037854e-09,3547.3958,0.15546095,1078.7195,-5.201421e-07,0.2799982,0.16313665,3.9621536e-08
7675e3a45,48000,8640,2880,10099.441,0.022126045,20971.354,0.7203929,6378.518,0.26766673,2.3506536,10.525816,8.946689e-05
3a7b8a5ba,48000,11520,2880,4796.1064,0.21788059,17664.584,0.26213655,4781.6997,1.7698894,5.5829325,21.249266,0.0011517088
ae4d95969,48000,14400,2880,4690.9424,0.3698947,18021.875,0.28844547,5251.4253,1.5128404,4.5460205,48.751953,0.0017885874
7c6b000ac,48000,17280,2880,4528.85,0.37454614,18284.896,0.3058006,5625.1133,1.4382898,4.063303,62.268513,0.0019075568
4ee334b42,48000,20160,2880,4777.9937,0.2650032,18801.562,0.322906,6109.6445,1.3207474,3.4867094,82.05818,0.001823684
1822a66bd,48000,23040,2880,5305.104,0.11051289,18814.062,0.35597187,6342.729,1.1643143,2.981667,61.502903,0.0011344495
e8095b6d1,48000,25920,2880,5381.887,0.12639312,19127.604,0.3542641,6482.05,1.1237503,2.8754802,53.883595,0.0011001941
9939db625,48000,28800,2880,5513.3145,0.12123648,18977.604,0.37781537,6392.551,1.0944024,2.8482528,50.866318,0.0009956406
0f6744d3b,48000,31680,2880,5559.282,0.19737282,19139.062,0.36572278,6445.7085,1.0713401,2.7853096,49.07157,0.001117418
549ff18b0,48000,34560,2880,5540.753,0.22841759,18899.479,0.36641824,6204.757,1.1086991,2.9873555,50.86602,0.0012842864
8c20e4fa7,48000,37440,2880,4443.1484,1.2389145,17867.188,0.29068738,5681.1465,1.4723358,4.109519,42.615643,0.002018223
1250bd56e,48000,40320,2880,2947.451,2.1571991,15429.6875,0.19385156,4718.8374,2.2005858,7.12539,51.519146,0.0039546555
aade16f7a,48000,43200,2880,3868.3923,0.49172866,18170.312,0.2617304,5531.295,1.7325037,4.8797264,43.49625,0.0018726912
b8ba1e412,48000,46080,2880,5015.6997,0.26339749,18676.562,0.34187788,6064.367,1.3011438,3.4827514,45.089954,0.0012934647
019586638,48000,48960,2880,5539.288,0.16299826,18834.896,0.36277497,6162.531,1.1148716,2.9967523,40.86642,0.0011962262
ff97b3cc1,48000,51840,2880,5195.0215,0.20035884,18848.959,0.34639105,6204.652,1.1966875,3.1495626,70.961754,0.0014703065
d2deb28cf,48000,54720,2880,4893.7866,0.30711317,18839.584,0.327009,6138.0645,1.3136189,3.4315877,66.457726,0.0015323365
67ce3c4a9,48000,57600,2880,4173.5396,0.36721963,18376.041,0.28080702,5834.239,1.5518209,4.1661477,71.31852,0.0018580457
0bd3418df,48000,60480,2880,3836.3955,0.6237877,18053.125,0.26244766,5600.924,1.6874244,4.7322474,80.04412,0.0023999922
e86cbd769,48000,63360,2880,3600.514,1.3236314,16050.0,0.23565432,4728.433,1.9659263,6.278799,29.614307,0.002884602
1d0b2d1ef,48000,66240,2880,4006.6594,0.66691226,17575.0,0.26433206,5061.312,1.754853,5.3285613,41.383972,0.0023579723
c6e4aab61,48000,69120,2880,4258.954,0.5999092,18095.834,0.2812769,5336.993,1.6243728,4.7144327,48.07366,0.0020470938
8e493ffbc,48000,72000,2880,4612.3594,0.2648066,18460.416,0.31339818,5749.3574,1.4457567,3.9617085,60.761818,0.00169315
ed835927f,48000,74880,2880,4549.8374,0.24808335,18501.562,0.30812457,5881.5312,1.4199836,3.8094435,63.785492,0.0017222064
288bad870,48000,77760,2880,4627.865,0.44535333,18667.188,0.3180246,6008.2236,1.4047481,3.7288957,72.28142,0.0017752615
7acc9fcf4,48000,80640,2880,5549.585,0.2473779,19042.188,0.36436594,6442.11,1.0627751,2.780464,61.66912,0.0013116711
eca72f2e7,48000,83520,2880,6183.8506,0.20389144,18935.938,0.38284284,6379.2466,0.7924767,2.4070594,56.185287,0.0013707972
a51b92d5a,48000,86400,2880,5811.0063,0.4097368,18280.209,0.36216414,6039.937,0.89379597,2.6056936,44.823,0.0019222124
30af96425,48000,89280,2880,5737.2114,0.5294286,18129.166,0.3456455,5674.038,1.0018904,3.0733523,38.81409,0.0021562113
634b79348,48000,92160,2880,5140.348,0.47447723,18509.375,0.33006078,5806.616,1.19531,3.3984265,61.298794,0.0018843982
a355fe08a,48000,95040,2880,5444.963,0.24271764,18669.791,0.36694476,6065.515,1.0871565,3.0120463,56.193554,0.0012930271
f0d666aec,48000,97920,2880,5600.0366,0.11210855,19106.25,0.3777497,6389.48,1.0716546,2.8047242,57.518353,0.0010326122
e9a45b0fd,48000,100800,2880,5243.5186,0.21436611,19031.25,0.35486585,6384.725,1.1628394,2.9840033,65.59211,0.0012331562
f11ab8294,48000,103680,2880,5467.266,0.10330203,19029.688,0.37904045,6332.656,1.1106868,2.90333,46.87228,0.00097121147
a3dd490a0,48000,106560,2880,5493.163,0.13634038,19123.438,0.37052283,6421.8735,1.1082325,2.8658948,54.436047,0.0010067605
17a2da89c,48000,109440,2880,4936.076,0.25075623,18891.146,0.33217293,6290.589,1.2524536,3.2223878,87.03569,0.0015717325
8b867f6e8,48000,112320,2880,4893.8555,0.2195307,18609.896,0.3301761,5990.652,1.3331478,3.592452,51.006077,0.0013044968
b897dddaa,48000,115200,2880,2722.4666,2.8891916,15466.667,0.17104045,4607.2856,2.5716212,9.04539,80.33951,0.0045481822
8a357eefa,48000,118080,2880,1665.1038,14.290777,7137.5,0.08048331,3121.8552,4.2952547,22.41301,183.51501,0.018247027
50416b64e,48000,120960,2880,1623.7927,32.52975,6711.4585,0.07453199,3079.8083,4.3860445,22.971903,179.40744,0.020580592
deb380090,48000,123840,2880,1434.8817,32.47273,5009.375,0.05791699,2709.6267,5.057472,30.003304,237.56326,0.03142299
7174834a0,48000,126720,2880,1257.0669,88.48718,3428.125,0.044140153,2326.0806,6.151626,44.94216,315.43973,0.04957671
dd09ad0ff,48000,129600,2880,1074.3042,340.05252,2031.25,0.028468264,1888.5575,7.4990206,65.89176,288.0373,0.08006287
9362af98e,48000,132480,2880,1123.8778,2334.2844,1822.9166,0.020779122,1558.5042,8.699741,90.759865,184.33708,0.107634075
1b91fbbbd,48000,135360,2880,1242.5759,2883.6338,1621.875,0.016575066,1299.4812,9.784275,118.74334,86.923294,0.111912094
858738431,48000,138240,2880,1326.4374,340.8636,2246.3542,0.031383757,1873.1271,7.1856647,61.49797,79.10143,0.038661394
9b4958ae1,48000,141120,2880,1555.2733,74.26245,5022.396,0.054854482,2713.6787,4.985396,29.360865,75.07375,0.021572981
05d0b6314,48000,144000,2880,1516.2438,954.71295,4442.1875,0.05208664,2409.934,5.4461255,36.811325,129.15668,0.05091421
e710196e1,48000,146880,2880,1390.2036,3862.8315,2478.6458,0.025459768,1627.9293,7.627633,71.84599,178.26758,0.14472525
fa3226662,48000,149760,2880,1500.2279,798.3986,3124.4792,0.036196448,1920.2167,6.6428003,54.134857,124.54833,0.05450969
be39d4898,48000,152640,2880,1385.1046,152.87923,3101.5625,0.04066471,2142.1719,6.1236825,45.647423,116.351456,0.036542997
b8ed2af1b,48000,155520,2880,1284.152,130.8944,3003.125,0.04039775,2244.2712,6.041777,43.8081,121.832466,0.03157991
9bfd757b4,48000,158400,2880,1083.8346,273.86237,1914.5834,0.02724884,1843.7153,7.6031303,67.70169,235.56711,0.060791407
2792931d0,48000,161280,2880,902.4308,213.59438,1333.3334,0.016383119,1479.4042,9.616172,107.58743,365.38107,0.13406521
b1680f288,48000,164160,2880,847.71277,343.43066,1178.125,0.01164851,1208.0302,11.295381,153.3255,378.925,0.21223429
97459d16d,48000,167040,2880,874.71674,1161.1044,1382.2916,0.014829049,1338.468,10.671897,139.51381,347.94284,0.18134439
bf3ea3197,48000,169920,2880,951.3585,4449.872,1368.75,0.014966668,1305.2458,10.183306,128.39192,212.97852,0.1479715
b1ccd3ef2,48000,172800,2880,1070.276,1777.0515,1399.4791,0.015660623,1338.2916,9.790931,116.955315,80.572525,0.090187
784e634fe,48000,175680,2880,1124.7158,404.52908,2042.1875,0.02548212,1737.8112,7.88136,75.45574,89.66695,0.048205253
5ea52815e,48000,178560,2880,1164.3214,176.98988,2427.6042,0.032440282,2021.3861,6.918366,56.874344,109.07708,0.037321646
9864db725,48000,181440,2880,1384.638,72.38543,4493.229,0.05256762,2608.2124,5.3065457,33.69281,99.390625,0.020775946
0fe3410a9,48000,184320,2880,1600.7874,32.760128,6349.479,0.06725943,2897.3237,4.585084,25.841734,101.073814,0.016669098
9d61433fe,48000,187200,2880,1187.0297,204.24384,2970.3125,0.03587931,2107.4114,6.5010195,50.366047,289.21915,0.064779826
e94de8e1b,48000,190080,2880,1053.5759,191.60146,2098.9583,0.025030257,1768.3052,7.75359,70.85203,345.08582,0.102423385
0548afee6,48000,192960,2880,1015.266,523.37836,1847.9166,0.024362506,1777.5684,8.022239,75.05241,319.2565,0.101159506
912853518,48000,195840,2880,1125.873,492.06824,2941.1458,0.03449159,2108.598,6.8904824,57.535812,304.5854,0.07737922
ed43151b4,48000,198720,2880,967.2893,217.17819,2002.6041,0.027506582,1923.7355,7.28571,62.161907,289.6497,0.07470502
3c27fe61c,48000,201600,2880,989.0582,173.82355,2093.75,0.028297802,1903.738,7.380644,64.66817,296.2525,0.07548225
7a387b71b,48000,204480,2880,1224.17,44.456394,3808.3333,0.048260614,2543.4514,5.573924,36.56134,247.25803,0.03911104
18961fd5e,48000,207360,2880,1239.5337,52.344406,4471.875,0.052966382,2678.4248,5.289246,33.291,218.20085,0.031964067
a15dc7c38,48000,210240,2880,1062.8171,57.855164,2708.3333,0.03728089,2340.07,6.14147,43.62724,272.51044,0.048701286
b16a7a820,48000,213120,2880,1136.9031,516.55383,2917.7083,0.036238067,2112.4119,6.430423,50.17817,181.34976,0.050198194
2824ac6a8,48000,216000,2880,1218.3928,2158.2288,1941.6666,0.019648928,1483.8827,8.704041,93.22895,108.75523,0.09882715
80c54bc19,48000,218880,2880,1212.1389,494.72964,2428.125,0.029001825,1803.7072,7.221866,65.470184,77.84103,0.05330113
cf2352519,48000,221760,2880,1361.6492,153.23697,3122.9167,0.03867575,2121.468,6.2963853,47.749065,128.86584,0.037040975
75def34b1,48000,224640,2880,1388.7762,153.73529,3609.8958,0.043925278,2294.0576,5.936541,42.387203,143.05997,0.03367397
9049c074d,48000,227520,2880,1177.373,411.60907,2078.6458,0.026349142,1844.741,7.6536145,68.39026,165.93304,0.05702644
0cc2b645a,48000,230400,2880,1126.2688,263.2665,2110.4167,0.03220736,2109.839,6.775916,53.03318,138.5076,0.03895879
d92e5106c,48000,233280,2880,1027.5648,112.81183,1929.1666,0.032601044,2166.1611,6.634732,50.386772,175.33739,0.042982277
f99fae2c6,48000,236160,2880,918.3357,89.13532,1575.0,0.027239397,1963.9547,7.3942857,62.654743,301.9738,0.07082242
8f5271a31,48000,239040,2880,949.7305,308.75082,1891.6666,0.025931496,1920.5576,7.73833,70.03048,319.45764,0.08104205
578ddf82a,48000,241920,2880,1038.8054,143.0393,2186.4583,0.028811336,2036.5674,7.1528277,58.88569,307.9875,0.07792122
075b66162,48000,244800,2880,927.0559,220.45969,1470.8334,0.020313706,1678.2306,8.717362,86.93465,358.90305,0.12287612
ffccf17eb,48000,247680,2880,893.9643,239.58672,1452.0834,0.02014358,1680.8167,8.733224,88.752266,343.30725,0.115020506
b6356d468,48000,250560,2880,790.6854,1082.3635,1234.375,0.011361172,1282.9363,11.096501,147.95844,330.27444,0.18067248
0702c4c25,48000,253440,2880,805.202,272.35452,1138.5416,0.0094823465,1136.1633,12.246059,180.52443,377.8708,0.23746482
1e340728a,48000,256320,2880,828.2929,3167.8306,1132.2916,0.009303303,1149.8167,12.168281,176.85042,321.547,0.23630087
1cdb752e4,48000,259200,2880,1017.9693,3852.8337,1647.9166,0.01681731,1418.5596,9.413947,110.237335,115.5136,0.12294985
e0e476529,48000,262080,2880,1190.9927,1498.09,2329.1667,0.022769822,1605.0062,7.570653,72.51988,159.33824,0.12629795
f0d7f3713,48000,264960,2880,1121.0173,1473.0901,1744.2709,0.020241506,1569.4343,8.453774,86.67613,125.69801,0.09343981
0d13c1a7a,48000,267840,2880,1137.411,314.97916,1917.1875,0.027914423,1968.4518,7.2361693,61.716446,105.395355,0.04606528
f3bb9732e,48000,270720,2880,1291.1964,76.5868,3354.6875,0.043038584,2501.8875,5.715004,37.92243,93.89594,0.023255995
e53f3d816,48000,273600,2880,1515.7113,27.840338,5869.271,0.058940485,3057.1897,4.6301017,24.863655,109.675995,0.016700774
ad8c44086,48000,276480,2880,2140.8777,8.35845,12966.667,0.112335965,4048.2903,3.2002604,12.675052,68.91849,0.0065093855
71c893d37,48000,279360,2880,1625.8018,752.2526,6856.25,0.06653785,2969.1194,5.101236,33.861935,129.5893,0.039588347
89f1938c9,48000,282240,2880,1225.2379,4119.3535,2281.7708,0.023464901,1592.26,7.731094,73.61266,201.30421,0.17277531
0a956ee86,48000,285120,2880,1160.4639,1702.5299,1964.0625,0.02037457,1498.967,8.332036,87.27081,195.41975,0.12753421
9c5d8adb8,48000,288000,2880,1188.3484,1016.9881,2069.7917,0.024433034,1745.7775,8.14059,81.511444,177.799,0.0707362
74f751d0f,48000,290880,2880,1030.495,218.43575,2233.3333,0.03349534,2220.6663,6.426742,48.621643,139.89658,0.038977847
e3ac17079,48000,293760,2880,1622.9277,63.13843,7007.8125,0.07036553,3255.0,4.3071036,22.36362,131.76797,0.016550692
218590981,48000,296640,2880,2282.427,14.089331,12553.6455,0.11667457,4020.1868,3.2345643,13.119154,118.337395,0.009089985
d7d282607,48000,299520,2880,2711.8115,3.5640957,16431.771,0.15263636,4593.781,2.6066067,8.882142,103.26094,0.005521586
ecb76a596,48000,302400,2880,2175.9448,540.9655,10190.1045,0.10966732,3502.823,3.527607,16.359596,107.32687,0.028629452
d5cf5263d,48000,305280,2880,1442.4386,4580.25,3682.8125,0.034363203,1935.8232,5.9666214,44.580685,231.67255,0.20092218
73a447468,48000,308160,2880,1201.7733,2967.7424,2232.8125,0.02413601,1580.7969,7.4465995,71.398506,192.43823,0.14815843
c5b0396a2,48000,311040,2880,1123.3622,574.4723,2529.6875,0.0324487,2000.3257,6.641653,55.164875,157.55878,0.060733296
3909825b7,48000,313920,2880,1154.4658,199.17268,2495.3125,0.03546343,2173.308,6.3463,48.115654,150.71536,0.039276045
ae61fe273,48000,316800,2880,1640.4943,50.84726,6421.354,0.06991514,3121.4438,4.4738016,23.9442,152.91638,0.018551828
448a814d7,48000,319680,2880,2080.9875,17.755857,10724.4795,0.10015685,3757.1362,3.523612,15.125337,183.80315,0.012738535
bcb36f117,48000,322560,2880,2666.7253,6.2786736,15922.3955,0.14679614,4444.4644,2.716901,9.540382,159.97786,0.0071398583
5155d5272,48000,325440,2880,3238.8958,1.5219824,17874.479,0.18747486,5105.7163,2.1983054,6.699031,134.0389,0.0044688326
ae6b516da,48000,328320,2880,3434.7173,0.8748448,17525.0,0.19381864,5019.266,2.0453966,6.1275783,59.461025,0.0027138551
fd842bf71,48000,331200,2880,3387.2532,0.8737779,16517.709,0.20325634,4862.695,2.0352437,6.212267,44.512295,0.0026432306
5f627006b,48000,334080,2880,3287.7708,0.60849744,17151.562,0.21173875,4963.6997,2.1274662,6.588364,44.688614,0.00258593
813c58815,48000,336960,2880,3420.0105,0.4637074,17684.896,0.22688489,5162.9634,2.0196023,6.03996,43.00469,0.002193835
4ee524c1f,48000,339840,2880,3529.662,0.5980113,17562.5,0.23531634,5170.5645,1.9536282,5.7916584,47.82306,0.0021798103
087a68204,48000,342720,2880,3471.866,0.5810593,17594.791,0.23063003,5129.5425,2.011916,6.086349,52.387314,0.0024170685
7d594e3c8,48000,345600,2880,3741.4902,0.68262005,17805.209,0.24332196,5337.7383,1.8469564,5.343214,41.74641,0.0024680246
355b47f9a,48000,348480,2880,5135.839,0.64975107,18482.291,0.3176103,5999.872,1.175509,3.124841,28.177914,0.0021637047
6b1a15806,48000,351360,2880,4580.408,1.2946312,17975.521,0.27911264,5735.5127,1.3506659,3.668,65.42835,0.0035234801
25ca8a01f,48000,354240,2880,4101.2334,1.5946164,17972.396,0.26320857,5722.1147,1.5213652,4.07627,70.97928,0.0035625014
097b019ca,48000,357120,2880,4124.1084,0.6532702,18286.459,0.28009924,5807.921,1.5234019,4.1126013,96.972084,0.002614943
fd8df9cb7,48000,360000,2880,4353.0225,0.36661562,18735.416,0.29301295,6008.886,1.4829162,3.9234612,84.33832,0.0020012478
1dff9c0c8,48000,362880,2880,3475.5044,0.7075854,17958.334,0.23252778,5385.671,1.9203796,5.5799804,64.162415,0.0024888923
c78ff20dc,48000,365760,2880,2048.409,94.28267,10630.208,0.11224929,3706.529,3.7327874,18.700243,122.611244,0.014854211
6d3b15c57,48000,368640,2880,1243.0918,2477.0574,1915.625,0.022065867,1558.6969,8.342195,84.376,169.349,0.106375694
fb047b981,48000,371520,2880,1362.2516,2186.8057,2181.25,0.02345151,1528.5383,8.176275,83.413055,165.2519,0.11768623
ee64d3785,48000,374400,2880,1301.2144,1777.3469,2154.1667,0.023470623,1561.5139,8.056355,80.727875,151.93408,0.10330336
05304ca36,48000,377280,2880,1281.5729,534.23627,2182.2917,0.024226379,1597.1741,7.926051,77.697784,130.92137,0.079466514
16dc7c0bb,48000,380160,2880,1216.3561,950.9988,2205.7292,0.024511645,1665.8118,7.655479,74.28729,169.54782,0.084099405
8c019339f,48000,383040,2880,1166.3795,699.6053,1864.0625,0.02318384,1688.5278,8.050613,78.08188,103.77819,0.052946262
151c4f23a,48000,385920,2880,1122.4658,243.54306,1839.5834,0.026874574,1880.6952,7.404686,64.28578,164.33562,0.04998645
3811ebb6d,48000,388800,2880,1064.2776,137.09369,1819.7916,0.024345085,1754.3788,7.933819,73.382675,301.00012,0.088991374
a4e57854f,48000,391680,2880,1058.2576,110.13286,1898.4375,0.023573808,1727.3597,7.958066,74.818184,338.92484,0.108953424
b5ba4bb9e,48000,394560,2880,941.8222,371.8546,1674.4791,0.021261146,1668.6097,8.358883,83.089645,316.02982,0.11125898
679ae3605,48000,397440,2880,1217.4503,208.8839,3592.7083,0.045462556,2437.4814,5.853773,40.204605,225.9353,0.038381305
22739f8f5,48000,400320,2880,1213.566,97.155045,3686.4583,0.04592938,2483.7788,5.668444,37.42648,249.81541,0.036489654
344a20d48,48000,403200,2880,1462.5669,39.745506,6102.604,0.06802829,3041.2354,4.5211306,24.170855,187.41942,0.018363584
843a0cca3,48000,406080,2880,1372.2001,97.650604,5452.604,0.06374693,2910.486,4.994306,30.839325,180.06752,0.027381765
84ad0552f,48000,408960,2880,1095.3287,626.7264,2029.1666,0.030317863,1980.2333,7.117205,58.943066,287.13974,0.075600095
135ca5ab6,48000,411840,2880,1166.8147,3119.7576,1821.875,0.018605024,1442.6293,8.57639,92.17375,138.21597,0.117212765
5bdcfa49b,48000,414720,2880,1226.097,5148.2627,1760.9375,0.015988572,1257.2726,9.025683,110.61549,114.23815,0.15918468
49547dfca,48000,417600,2880,1274.5769,1688.4716,2456.7708,0.026127864,1683.267,7.10459,64.251945,98.509254,0.09130719
d7b94d68e,48000,420480,2880,1293.9235,2719.8792,2413.0208,0.026377413,1716.4333,7.119664,62.155003,206.31328,0.16874528
83c4961dc,48000,423360,2880,1263.5223,4553.2812,2135.9375,0.02188738,1532.5835,7.8587523,77.572235,154.63596,0.18726324
3444047a8,48000,426240,2880,1230.2534,1474.615,2084.375,0.020566853,1434.5262,8.373651,90.346375,126.67812,0.110971875
5bd6d85c3,48000,429120,2880,1225.7225,1071.7188,2023.9584,0.024969328,1667.6263,7.6243844,70.39082,132.51276,0.08562407
8b84df9b6,48000,432000,2880,1074.6615,604.5646,1659.375,0.020935101,1595.0525,8.571947,87.346344,151.86026,0.07265604
2f8535581,48000,434880,2880,1081.0867,248.66345,1728.125,0.024332393,1735.5094,8.021753,75.61546,183.2857,0.063558646
d3e9d928d,48000,437760,2880,948.65314,180.83598,1603.6459,0.023267198,1709.3285,8.04656,77.34744,230.99614,0.07691826
08ee60576,48000,440640,2880,1126.0513,207.44577,2340.1042,0.033888992,2116.74,6.7681804,53.628613,234.60368,0.049287245
456e34982,48000,443520,2880,1429.078,68.177086,4885.4165,0.056211583,2784.4246,5.088275,30.137999,196.16228,0.025031848
07ec6eeee,48000,446400,2880,1754.2882,115.09858,7010.4165,0.0768836,3052.7444,4.2596054,22.303417,109.44729,0.02007127
e46d1d166,48000,449280,2880,1471.4833,9084.118,2965.625,0.028887728,1800.6205,6.646753,54.399773,200.90584,0.23011608
07aa1fb54,48000,452160,2880,1443.6818,12133.888,2571.875,0.024963178,1668.6405,7.0457945,60.99023,233.92723,0.33890396
1f721eda6,48000,455040,2880,1345.6025,4817.105,2255.7292,0.023976479,1592.9692,7.485856,71.189224,181.36092,0.16104075
db08a5a1e,48000,457920,2880,1430.5513,923.0351,2900.5208,0.03218158,1812.8462,6.8301053,58.46563,173.53955,0.07845391
403d73720,48000,460800,2880,1228.3109,1256.2544,2055.2083,0.022928387,1576.1353,8.080419,83.53812,127.311806,0.09171397
c8c4ab313,48000,463680,2880,1053.8424,631.6083,1552.0834,0.020380473,1606.0032,8.256112,86.39803,82.57357,0.06008144
f6e63a4b7,48000,466560,2880,1263.7606,157.505,2170.8333,0.03234082,2104.6177,6.7160463,53.332825,90.91991,0.03307099
339c735b1,48000,469440,2880,1789.6272,29.820263,7496.875,0.072817884,3237.6277,4.2130337,21.271585,81.512665,0.013307192
9224e51c4,48000,472320,2880,2072.9128,12.57527,9323.958,0.10161156,3579.9932,3.5806653,15.882577,84.92012,0.00913519
249a6298f,48000,475200,2880,2504.0623,4.346694,11844.792,0.13336745,3931.0354,2.8559916,11.103995,49.945595,0.0055804555
9e889a82b,48000,478080,2880,2876.4053,1.9086484,14056.7705,0.16998632,4258.6665,2.487601,8.942797,51.841373,0.0039126547
09ce75f41,48000,480960,2880,3349.913,0.7224838,16795.312,0.21778557,4865.68,2.1266239,6.7345133,41.427425,0.0023353556
f3b6181d7,48000,483840,2880,4097.406,0.41814423,18166.666,0.2759803,5671.0415,1.5937339,4.3258767,67.142944,0.0020476822
561e46dcf,48000,486720,2880,4801.859,0.29286474,18681.25,0.3248869,6029.4263,1.331665,3.500664,63.615616,0.0016224424
b6242c5a9,48000,489600,2880,5233.34,0.16615796,18942.709,0.3566205,6306.6724,1.1837366,3.0554795,47.67497,0.0011891457
2549fa209,48000,492480,2880,5540.628,0.18766856,19023.959,0.3613737,6487.6123,1.0809633,2.7812984,48.506,0.0011877806
70da6ff69,48000,495360,2880,5145.128,0.2737126,18745.834,0.3425515,6172.777,1.2048445,3.1688998,59.75514,0.0014721586
906f1c840,48000,498240,2880,7709.511,3.8116598,18016.666,0.29689565,5250.4795,0.65502983,3.265804,21.551872,0.0039674346
2b553bc6c,48000,501120,2880,7718.0376,0.9366623,18406.771,0.3739463,5980.8687,0.4652977,2.3030796,41.914124,0.0023118884
6154c53af,48000,504000,2880,5382.9688,0.45100474,18049.479,0.32548672,5432.943,1.2555288,3.6987345,42.971024,0.0017310616
35cbe0678,48000,506880,2880,4659.0176,0.27720523,18508.854,0.30407417,5718.29,1.4317237,3.9722168,58.076878,0.0018445192
5a23107a0,48000,509760,2880,3919.2952,0.42909744,17781.771,0.25828087,5315.3696,1.7511302,5.1028705,69.534775,0.002396636
e7bab2a5e,48000,512640,2880,3490.2214,0.84360963,17452.084,0.21804649,4966.1,2.037683,6.322595,48.93656,0.002859019
0f54af7d5,48000,515520,2880,3430.2056,1.1897475,17117.709,0.20905323,4808.9966,2.1123207,6.742581,43.800896,0.0032475817
452bf09b5,48000,518400,2880,3607.9714,0.81770873,16629.166,0.21534479,4768.9307,2.0455604,6.4636083,40.661144,0.0031890806
06cf62af2,48000,521280,2880,3883.0256,0.7486189,16742.709,0.2466675,4786.0474,1.9164947,6.00696,25.920816,0.0023478442
d623fa259,48000,524160,2880,3674.6272,0.83220536,16626.562,0.2336881,4778.0225,1.9577708,6.15994,34.136112,0.0023892422
02904d826,48000,527040,2880,4438.479,0.67013407,17707.812,0.28824493,5531.95,1.4225681,3.952652,44.931084,0.0024802373
e4a8481f5,48000,529920,2880,3767.8242,0.59286755,17797.396,0.25445014,5337.6475,1.7839762,5.129716,39.44891,0.0020690567
4da325032,48000,532800,2880,4026.1777,0.35259515,18246.354,0.2702662,5610.2827,1.6872742,4.6459174,42.28807,0.0016750317
0df8bab10,48000,535680,2880,4413.312,0.27659458,18720.312,0.28946602,6062.3584,1.4747874,3.8133874,50.944183,0.0015961955
c0fc44946,48000,538560,2880,4763.2544,0.22877015,18900.521,0.3162179,6199.318,1.3587744,3.48075,41.43738,0.001299264
bb8856111,48000,541440,2880,5283.849,0.13234724,18980.209,0.34874657,6392.057,1.1743371,2.9725938,37.988586,0.0010491202
287604cb1,48000,544320,2880,5337.5723,0.11151884,19031.25,0.35665283,6457.8516,1.1458203,2.9148648,47.370235,0.0010865352
12006360a,48000,547200,2880,4944.9946,0.12983085,19023.438,0.33137646,6380.321,1.2437391,3.1581888,60.264137,0.0014004974
34a4c79ff,48000,550080,2880,5160.635,0.15940435,18913.021,0.34944648,6318.271,1.192969,3.0681071,52.27706,0.0011921714
98c3192c4,48000,552960,2880,4038.3735,0.4310251,18352.084,0.26624256,5720.924,1.6384735,4.518959,57.22004,0.0020139287
5e3a147d8,48000,555840,2880,2173.1416,34.127163,11733.333,0.12155495,3957.6372,3.4293525,15.618674,190.82083,0.01456322
d2400c357,48000,558720,2880,1178.5973,337.67496,2638.0208,0.034826692,2089.0208,6.748619,53.125896,313.66635,0.06924529
c59f5b3d0,48000,561600,2880,1183.8882,355.91614,2484.8958,0.030404674,1841.2972,7.268769,63.343636,294.56366,0.08256613
da86fae9e,48000,564480,2880,1114.5743,352.95654,2086.9792,0.024238046,1675.7222,8.111733,77.88204,349.54596,0.12497156
628857dea,48000,567360,2880,1236.5704,366.3493,3030.7292,0.035977136,2080.0708,6.82707,55.926758,293.32657,0.06874119
136075bf3,48000,570240,2880,1253.6809,219.9322,3006.7708,0.040357165,2253.112,6.2790637,45.764378,281.12006,0.05259534
886806e01,48000,573120,2880,1181.7495,238.85979,2567.1875,0.035737738,2168.6367,6.652749,50.874657,331.68567,0.06113455
74e8166c3,48000,576000,2880,1322.56,84.21598,4034.8958,0.049568705,2519.6448,5.6095543,36.80072,265.8018,0.039140083
1e943e2d5,48000,578880,2880,1778.1714,36.841923,8131.771,0.091504745,3407.8774,3.9093862,18.46735,159.2413,0.013301179
5bade3600,48000,581760,2880,1771.3434,16.719406,8430.208,0.09208222,3491.6072,3.8343906,17.757881,146.8523,0.012253855
0a2e9a553,48000,584640,2880,2042.0612,8.730653,11946.875,0.11620083,3973.4944,3.2624838,13.259702,113.92696,0.007652225
38403e54d,48000,587520,2880,2536.6743,2.8418667,15452.083,0.15712903,4463.1787,2.6990201,9.524781,107.72464,0.0052403547
d4a2ff912,48000,590400,2880,2442.7458,2.2862842,15326.042,0.1503362,4377.921,2.777543,9.979703,93.64518,0.0048793177
4d213b5d0,48000,593280,2880,2383.8364,2.5957088,14897.917,0.13973632,4305.097,2.7673001,9.937485,102.94988,0.0049700225
8d26aaf33,48000,596160,2880,3221.5027,0.9139682,17605.209,0.21172155,5228.5166,2.0636394,6.1632934,60.137802,0.0026964794
02d6ebb91,48000,599040,2880,3329.523,0.82892966,17619.791,0.22104941,5290.2085,1.977065,5.784746,65.52099,0.0027363284
9597715e7,48000,601920,2880,3063.8306,0.93993837,17483.334,0.20250241,5109.62,2.162879,6.6274595,65.569046,0.0030367603
48678055d,48000,604800,2880,3095.809,1.247378,17615.625,0.20058432,5097.2017,2.1708145,6.653969,89.834885,0.0034482558
c9f419d40,48000,607680,2880,2528.703,3.3926325,15793.75,0.15296718,4505.876,2.6827228,9.386243,120.61449,0.0057382463
7bde6d966,48000,610560,2880,1703.2281,273.12924,6680.2085,0.07288523,2942.1763,4.902992,30.294933,163.188,0.031339973
d123805a1,48000,613440,2880,1562.1702,203.8311,4230.2085,0.048732854,2228.1287,5.567368,37.829746,106.61971,0.03692923
ce87735f7,48000,616320,2880,1786.6814,70.082535,5695.8335,0.061328575,2455.8586,4.833099,29.696411,62.858864,0.023385413
b9f3526b3,48000,619200,2880,1652.3403,71.64392,5610.4165,0.06352994,2548.0212,4.8277254,29.608276,79.699356,0.020079436
b5fe3e2fe,48000,622080,2880,1439.0548,214.33543,3540.1042,0.044426136,2271.7837,5.9545436,42.235714,140.101,0.036523778
52b4a04ae,48000,624960,2880,1278.4346,190.29475,2845.3125,0.038531184,2129.9646,6.4973197,49.692696,151.68405,0.034884825
e0c014a45,48000,627840,2880,1464.9427,90.41265,5133.3335,0.058870945,2750.6594,5.1079226,30.961182,109.64833,0.019000523
15901ed09,48000,630720,2880,1512.2906,24.894825,6087.5,0.06869399,3003.3862,4.5983067,25.036398,105.737305,0.013905891
8a1c39187,48000,633600,2880,2068.9382,4.538621,12055.7295,0.118138716,3961.4307,3.240294,13.107977,75.112785,0.006221401
f08fae2ce,48000,636480,2880,3006.8777,1.537951,16666.146,0.18274151,4880.377,2.340678,7.6645923,70.45697,0.0039652493
a2c8afecf,48000,639360,2880,3402.2778,0.8076857,17291.666,0.2234002,5078.9824,2.0118182,6.111561,59.164528,0.0029255906
3269da5b2,48000,642240,2880,3680.921,0.70325744,17359.375,0.24297354,5054.933,1.9203885,5.8496,40.852314,0.0021390808
ad6216144,48000,645120,2880,4287.349,0.35112214,17952.084,0.27844808,5517.4463,1.5483032,4.2925816,37.475723,0.0014076849
418b4a922,48000,648000,2880,5018.8853,0.29526347,18664.584,0.32078242,5916.2666,1.3232558,3.5278842,46.02353,0.0016085724
8306ae616,48000,650880,2880,5361.7617,0.9202992,17523.438,0.30275133,5120.3438,1.2455364,3.8851302,21.503828,0.0028175665
9f9dcc751,48000,653760,2880,3889.9275,0.60795516,16566.146,0.24368599,4787.392,1.8463218,5.8476496,27.019678,0.0023742616
27ff2fe8c,48000,656640,2880,4049.7458,0.43733624,17864.584,0.2728831,5289.0957,1.7094808,5.004252,39.450718,0.0018258744
7c5cf01cd,48000,659520,2880,4514.6855,0.2930255,18396.875,0.31089965,5809.783,1.45275,3.9326043,56.718143,0.0014810277
12a7b319b,48000,662400,2880,5114.075,0.15738401,18869.791,0.3470828,6254.414,1.2245679,3.1689997,50.47061,0.0011587199
e2de21eef,48000,665280,2880,5576.98,0.12269715,19029.166,0.36324212,6539.011,1.0532788,2.7016385,56.016296,0.001101204
a2c0a9b40,48000,668160,2880,5428.403,0.15241127,19051.041,0.3707644,6417.7964,1.1126643,2.8813381,53.578506,0.001083723
36bb1d526,48000,671040,2880,5459.199,0.11025941,19128.125,0.3613121,6498.5034,1.1008087,2.811587,52.296745,0.0011140022
98dec4583,48000,673920,2880,5202.4814,0.12278349,18903.125,0.3531712,6381.579,1.1632043,2.9774156,58.922375,0.0011978055
ec8aeb70b,48000,676800,2880,5214.807,0.20765607,19036.459,0.34365666,6475.6396,1.1599158,2.9327812,68.52022,0.00135713
c107b122f,48000,679680,2880,4839.851,0.3571166,18832.812,0.3231673,6168.0415,1.3224367,3.4486222,61.6674,0.0014973399
ffb079c8f,48000,682560,2880,3160.15,1.1514921,17566.146,0.20027122,5132.5854,2.1278176,6.4621053,83.898186,0.0033156332
6a4e669f3,48000,685440,2880,1580.2853,152.8839,6506.25,0.06862573,2959.6812,5.1194196,33.109653,289.52747,0.039852683
b5cb09046,48000,688320,2880,1110.5089,475.68747,1967.7084,0.027614124,1862.745,7.7320127,69.00179,312.00812,0.07929124
5b79b16e0,48000,691200,2880,1096.0513,857.28516,1620.8334,0.021295853,1605.4767,8.740315,88.72227,310.53268,0.11007062
d2035e504,48000,694080,2880,1141.1321,694.11053,1918.75,0.022213975,1585.3774,8.671589,90.20614,276.93494,0.09377268
f24083e03,48000,696960,2880,1239.0625,536.711,2363.5417,0.029906016,1774.1594,7.5387354,67.92702,219.81323,0.070521735
426e27214,48000,699840,2880,1252.829,705.74536,2390.625,0.026619418,1688.6407,7.862276,75.55642,288.91748,0.1042014
25cdba604,48000,702720,2880,1267.0192,458.24026,2344.2708,0.026781358,1649.2952,7.799276,74.59107,331.45456,0.11833768
057106c5f,48000,705600,2880,1379.5092,419.86758,3071.3542,0.036930896,1951.4222,6.5980806,53.257877,312.18542,0.07872663
99d49355c,48000,708480,2880,1291.4534,243.97493,2366.6667,0.02790326,1717.9656,7.616579,69.80333,355.15182,0.111897185
29ea794da,48000,711360,2880,1331.5143,64.9818,2673.9583,0.03200931,1846.5876,7.02433,59.45942,354.39493,0.09675485
681537855,48000,714240,2880,1397.7743,71.51498,3145.3125,0.036483377,1991.1931,6.5961323,52.234295,345.07687,0.08578548
e5575b3cb,48000,717120,2880,1390.9763,45.13764,3149.4792,0.03786159,2002.5468,6.5655403,51.812702,350.01093,0.0756125
088174375,48000,720000,2880,1451.621,171.68365,3513.5417,0.043791994,2214.6445,6.1348104,44.753456,276.57388,0.054341614
4c6c342f0,48000,722880,2880,1436.8242,202.93294,3427.0833,0.04459364,2213.8591,6.1161175,44.325077,252.59158,0.05083359
4517f36e9,48000,725760,2880,1310.3547,283.8988,2555.7292,0.034175534,2027.4341,6.9471354,55.87143,235.9343,0.060698774
08c3bfe62,48000,728640,2880,1403.365,118.18729,3363.0208,0.04402728,2326.6953,6.0029516,41.699215,207.83286,0.038280834
7fc5ae8c6,48000,731520,2880,1326.075,122.18488,3070.8333,0.04042024,2239.2327,6.298276,45.86164,245.96146,0.04344167
657c3919e,48000,734400,2880,1368.8907,70.914246,3654.1667,0.04690799,2420.387,5.810519,39.09263,269.6483,0.038829513
b813a382e,48000,737280,2880,1340.653,59.622993,3697.9167,0.047348425,2434.3884,5.7358317,38.25318,270.95633,0.038724408
522d4abb5,48000,740160,2880,1164.827,175.13083,2489.5833,0.033236105,2038.1017,7.0789237,58.512527,326.11673,0.07271362
0923829a9,48000,743040,2880,1077.3262,338.33118,1916.6666,0.02707305,1844.0254,7.7919345,69.958466,351.77264,0.08920391
c10bda9c4,48000,745920,2880,1044.5002,309.5361,1725.0,0.02365561,1698.1611,8.36941,81.212975,370.04608,0.113627955
ff13df7cd,48000,748800,2880,1053.458,203.75125,1714.5834,0.023018312,1699.4584,8.308642,80.19434,382.26422,0.11968964
69a71f2f1,48000,751680,2880,1103.5394,785.49445,2164.5833,0.027355054,1778.7441,7.7315626,70.930016,289.1665,0.09390121
a07c7aac4,48000,754560,2880,1066.2535,426.3736,1771.3541,0.020555105,1512.7944,8.791303,92.77812,345.01334,0.14965227
53373df5e,48000,757440,2880,1151.7024,789.0857,2286.9792,0.026250781,1688.7625,7.807799,74.66633,332.75854,0.1287468
605270a60,48000,760320,2880,1197.7256,209.54399,2616.6667,0.031223636,1814.0239,7.242814,63.721703,314.8329,0.10770527
f85d67870,48000,763200,2880,1175.8616,111.502846,2451.0417,0.028850783,1752.9452,7.518882,68.15855,318.8265,0.11272579
07a1c076d,48000,766080,2880,1239.6233,68.45501,2727.0833,0.035300102,1940.9791,6.778974,55.129883,316.62698,0.092383355
310c0f6d0,48000,768960,2880,1272.0238,93.80111,2955.2083,0.036141463,1974.4264,6.6992908,54.061142,318.61652,0.084664345
d21c033ec,48000,771840,2880,1339.2207,31.202295,3452.6042,0.042307556,2111.013,6.1277223,45.45284,321.7062,0.0684153
75c8edf09,48000,774720,2880,1287.9896,38.81914,3172.3958,0.039269324,2072.2224,6.4452863,49.713703,327.4907,0.07003736
519fc03d5,48000,777600,2880,1322.3895,36.53973,3313.0208,0.041324202,2123.6157,6.237425,46.424164,341.12277,0.06509305
9f52bd3f6,48000,780480,2880,1323.1547,64.787186,3349.4792,0.0408737,2152.1711,6.2432714,46.656086,324.6508,0.06309765
547c72be4,48000,783360,2880,1171.2874,102.56252,2198.9583,0.028316868,1794.4087,7.6938396,69.65887,359.67828,0.09588144
02ab5e837,48000,786240,2880,1258.4259,26.11248,2763.5417,0.03582318,1993.1993,6.811952,54.955273,313.04086,0.07021239
370b973ce,48000,789120,2880,1316.1179,76.092926,3022.3958,0.03879875,2094.981,6.393459,48.56809,325.91776,0.075592965
ccd2d5176,48000,792000,2880,1266.819,89.89796,2783.8542,0.033052213,1894.0399,6.8733573,57.04688,370.18832,0.10133981
7fe9bf330,48000,794880,2880,1276.5625,28.19267,2721.3542,0.033940397,1945.4203,6.816281,55.394543,369.24838,0.0923023
ccea29ddc,48000,797760,2880,1442.9995,205.2515,4158.854,0.047046207,2242.4685,5.763765,40.77675,258.78348,0.056932565
6efcb6a2b,48000,800640,2880,1352.7694,304.665,3336.9792,0.038168333,2021.8782,6.356791,49.447647,310.06656,0.086643346
d83c69f31,48000,803520,2880,1441.0072,908.64343,4064.0625,0.042446442,2082.3428,5.8448005,43.103287,222.80879,0.07927673
427cfc681,48000,806400,2880,1367.8716,1884.1401,3061.4583,0.03105577,1794.4424,6.5211005,53.149117,223.23459,0.13356364
cb8ddf813,48000,809280,2880,1301.3807,1799.7389,2242.7083,0.022887962,1521.1531,7.848855,76.717636,192.68945,0.15356615
d989d2bc1,48000,812160,2880,1372.8322,1225.743,2444.7917,0.027779566,1663.7122,7.5033574,69.15887,205.98924,0.100788996
11b745c5c,48000,815040,2880,1468.9177,296.5854,3032.2917,0.03650423,1953.7507,6.6833315,53.975212,215.63075,0.06850885
751d6e68b,48000,817920,2880,1648.2688,97.48429,4532.8125,0.05279783,2344.2583,5.484116,36.703445,184.30478,0.038656197
ad875fab2,48000,820800,2880,1752.6031,127.25781,5352.604,0.058462244,2399.681,5.037486,31.8236,197.98038,0.04367821
ce6d7dcbc,48000,823680,2880,1674.9539,259.55728,4731.25,0.04971809,2261.2542,5.378758,36.01404,258.0802,0.07344864
d0671a123,48000,826560,2880,1697.9064,92.1214,4839.5835,0.050526854,2247.5083,5.3143697,35.258087,267.20486,0.075850315
079ab81a3,48000,829440,2880,1740.4548,85.182846,5184.896,0.05384796,2301.65,5.1418962,33.26448,268.27457,0.0705632
fed488e3e,48000,832320,2880,1612.0868,88.09127,3988.0208,0.042415302,2055.5488,5.8830647,42.863655,296.95724,0.09894492
d74239f50,48000,835200,2880,1557.2804,282.80496,3552.6042,0.038121853,1942.6426,6.2460017,48.333263,295.74478,0.11120151
17f933799,48000,838080,2880,1622.1163,213.55092,4184.896,0.046072833,2128.1956,5.702147,40.61793,251.13142,0.07508376
73a5b5e73,48000,840960,2880,1585.144,137.89006,3966.1458,0.04307507,2057.528,5.80722,42.00841,266.40634,0.08834992
410d9b3d6,48000,843840,2880,1680.0299,87.78676,4998.4375,0.050183944,2245.045,5.2581654,34.69138,258.2093,0.08747983
b17f90084,48000,846720,2880,1604.1365,153.981,4036.4583,0.042401608,2042.8854,5.735005,41.111195,276.15952,0.107276045
aaef32bea,48000,849600,2880,1603.2357,205.83913,4092.7083,0.043514986,2045.6024,5.796274,41.917324,276.1612,0.09834004
a3a8dcd49,48000,852480,2880,1669.8186,202.13246,4755.729,0.04989111,2223.1482,5.4148507,37.198467,240.81691,0.07616194
d80d8229e,48000,855360,2880,1639.9335,352.61578,4523.4375,0.047668707,2197.797,5.5511956,38.735176,235.07886,0.06994338
1ce6c5eda,48000,858240,2880,1531.9202,143.67108,3362.5,0.038912125,1959.9358,6.229545,47.570854,318.85455,0.10843071
42c3cc7d8,48000,861120,2880,1726.8264,1017.0113,4889.5835,0.05128075,2273.3782,5.3119574,35.524082,226.71782,0.08953315
4b70e966c,48000,864000,2880,1500.9142,2919.823,2886.9792,0.029234033,1731.1077,6.871163,58.04439,310.7712,0.2300918
7a1717492,48000,866880,2880,1490.2632,11318.08,2369.2708,0.022876438,1521.1764,7.719375,73.27305,292.62024,0.37808147
31de22656,48000,869760,2880,1606.8566,5352.868,3145.3125,0.029601952,1719.7262,6.651681,55.31926,282.12054,0.31096986
b02b5be62,48000,872640,2880,1817.3573,713.4055,4842.1875,0.046987746,2187.1562,5.178173,33.61078,255.1765,0.1577717
617e8f3c1,48000,875520,2880,1825.7316,1276.346,4903.646,0.046721004,2204.3857,5.192891,33.644627,263.24927,0.16546208
bd66168b4,48000,878400,2880,1882.3334,2260.7148,5430.729,0.051681567,2282.552,4.964984,31.220242,240.05977,0.1515763
32c4ced0f,48000,881280,2880,1717.0798,732.7926,3892.1875,0.038030326,1978.2628,5.851948,42.053577,319.43933,0.23747474
814068209,48000,884160,2880,1943.1699,1173.3938,5769.271,0.05258807,2345.4204,4.8016057,29.192802,269.3828,0.19041333
2f1e4327b,48000,887040,2880,2214.3855,2257.9338,7591.146,0.073571384,2757.181,4.0061884,21.155962,165.26366,0.115226895
dda766e7c,48000,889920,2880,2087.1274,1155.3237,6718.229,0.065422855,2545.0784,4.263922,23.795267,199.22752,0.116379604
12ca77aac,48000,892800,2880,1824.6333,1589.5625,4848.9585,0.044898488,2133.6038,5.2826595,35.18849,309.1089,0.19628975
bc1b586cb,48000,895680,2880,1625.0067,2411.843,3300.0,0.032650914,1785.8389,6.4912252,52.536232,311.2055,0.23684822
0ed3a50e6,48000,898560,2880,1574.6674,1142.9568,2791.1458,0.028562715,1698.491,6.9785986,59.530956,363.75278,0.32710218
d9935d64e,48000,901440,2880,1680.4917,781.373,3632.8125,0.03573007,1946.9865,6.0562034,44.676632,342.8783,0.2764533
362fbabf0,48000,904320,2880,1842.6465,1225.3064,4891.146,0.049005244,2211.9036,5.3504896,36.021584,283.20978,0.17998727
28fa8cea1,48000,907200,2880,2042.1954,1674.951,6239.0625,0.058706187,2478.8389,4.5887647,26.911211,226.21684,0.14282364
9ec169656,48000,910080,2880,1921.6233,2763.237,4948.9585,0.048355706,2207.0715,5.220141,34.177036,179.06082,0.14667395
65d602e93,48000,912960,2880,2225.5134,775.87103,6872.9165,0.06884912,2652.6833,4.1395516,21.90982,118.620445,0.07118139
aaa3d63fe,48000,915840,2880,2444.8303,284.8173,8410.417,0.08578335,2903.5247,3.6504228,17.641973,87.20773,0.04478487
c79b050bc,48000,918720,2880,2377.443,242.23253,7888.5415,0.0834087,2801.9106,3.824706,19.237413,136.04497,0.05257277
311457418,48000,921600,2880,2042.6497,681.6435,5742.1875,0.060728427,2389.1096,4.8313875,30.166107,212.16525,0.08788583
be6a0fde5,48000,924480,2880,1764.74,730.50903,4091.1458,0.044008065,2007.6448,5.851893,43.172802,208.76515,0.08357856
90b9f9d30,48000,927360,2880,1808.5233,414.58905,4551.0415,0.05351895,2327.345,5.825814,42.967438,188.46742,0.045566123
93ea28ebb,48000,930240,2880,2062.5452,71.9319,7359.375,0.0821128,3112.237,4.227661,21.956657,177.5014,0.019913068
65cd5d4b5,48000,933120,2880,2562.0493,8.211819,14011.9795,0.13284385,4067.3281,3.0178785,11.611647,117.60017,0.0071342615
bb1500d42,48000,936000,2880,2727.065,4.2041802,13468.2295,0.14503415,4032.4023,2.9266503,11.220288,120.918816,0.0066490266
d3c6efc5a,48000,938880,2880,3048.6013,3.855856,14216.1455,0.16807032,4164.5464,2.657253,9.818614,95.360794,0.0055046626
788b8dff7,48000,941760,2880,3186.7834,1.3498994,15151.5625,0.18167087,4283.9946,2.4973047,8.82103,64.835045,0.0034552661
735a79f1b,48000,944640,2880,3394.102,0.8439725,15988.0205,0.2043855,4526.4536,2.2687104,7.635333,42.012806,0.0026585336
3620f4680,48000,947520,2880,3414.8716,1.0179982,15563.0205,0.19768593,4392.382,2.3451219,8.1349125,34.223835,0.0028267761
015f1c040,48000,950400,2880,3456.5068,0.9168069,15541.667,0.20358887,4444.9033,2.2389028,7.684444,40.882236,0.0028651159
ce10c8569,48000,953280,2880,3525.6938,1.278564,15159.375,0.20821244,4405.568,2.1777294,7.382501,32.589436,0.0032468985
2b0055bd3,48000,956160,2880,3708.0369,1.7694682,14364.0625,0.21062139,4383.7363,1.9971174,6.695455,26.581736,0.0038265686
4de023f68,48000,959040,2880,3855.8555,2.5123172,13385.9375,0.2052911,4258.209,1.8207413,6.2184515,29.361168,0.0050285407
ddf4c579f,48000,961920,2880,4047.0063,2.9562962,13211.458,0.20727193,4241.856,1.673113,5.77497,18.074732,0.0046793628
035d73c0f,48000,964800,2880,3565.8362,10.662276,12053.125,0.18106923,4045.723,1.911607,6.889075,47.17527,0.006950913
3d6c3d9d2,48000,967680,2880,2722.8247,24.99423,9944.2705,0.13285562,3601.707,2.4875064,9.805466,103.93398,0.013999399
3b09790d9,48000,970560,2880,2671.7925,10.9969,9868.2295,0.13168572,3651.7617,2.5558093,10.140873,93.68755,0.010798386
0b53fa301,48000,973440,2880,2719.6187,4.814028,12046.875,0.14399204,3966.0898,2.5552526,9.586747,56.568913,0.006133547
db2f7dc92,48000,976320,2880,2697.8477,3.118014,13915.625,0.1700091,4283.8286,2.5192823,8.991877,64.72461,0.0048259166
fd2a47166,48000,979200,2880,3006.666,1.4072566,16577.604,0.19781142,4787.812,2.2579272,7.315333,49.15193,0.0032501286
17cd87866,48000,982080,2880,3376.0327,0.6702173,17834.896,0.22673526,5330.424,1.9506891,5.711951,64.10491,0.0025035676
75182c79e,48000,984960,2880,4028.9624,0.3244982,18545.834,0.27111447,5859.9126,1.6228472,4.3716664,62.777912,0.0018261969
a7c69509a,48000,987840,2880,4464.992,0.21474543,18829.166,0.30189657,6145.016,1.4285344,3.7024007,77.06121,0.0016956687
77c2bdfc7,48000,990720,2880,4946.4214,0.20636567,18885.416,0.33293694,6292.9165,1.2537515,3.2335613,66.45087,0.0013504514
db3cb0842,48000,993600,2880,4755.466,0.30036917,18843.75,0.31457156,6221.046,1.3281931,3.4144735,58.180977,0.0015327457
40e1b9d8d,48000,996480,2880,3407.4895,0.7719753,17869.791,0.22818215,5345.4116,1.9596257,5.719108,57.606533,0.002456095
cf5deb210,48000,999360,2880,2820.3003,2.345633,16678.125,0.18094073,4821.4966,2.3846877,7.786478,74.24136,0.0038506924
0ae2b1bcb,48000,1002240,2880,2416.7546,4.5244575,15038.542,0.15526253,4397.0884,2.7325885,9.741637,112.629425,0.00557918
022757222,48000,1005120,2880,2303.0652,4.1217318,14139.583,0.1422847,4208.0825,2.8601115,10.58967,115.2204,0.005988193
76de58103,48000,1008000,2880,2335.548,5.009962,13030.7295,0.13481887,4029.7542,2.9388032,11.263791,74.723495,0.0055236067
e9a2df656,48000,1010880,2880,2062.4792,6.8248906,10493.2295,0.12423173,3790.3562,3.2483747,13.584255,62.39668,0.0066834753
f3fffd946,48000,1013760,2880,1729.0846,9.027759,8097.9165,0.096817724,3457.2954,3.697337,17.023983,99.72942,0.00974637
0a3ef91af,48000,1016640,2880,1922.9857,8.452558,9169.792,0.10806287,3611.116,3.513512,15.521178,97.743835,0.009157102
a46971d5a,48000,1019520,2880,1722.694,16.816643,8251.042,0.09718755,3439.5864,3.7668097,17.629673,99.99666,0.010988534
d51f1d1e5,48000,1022400,2880,1889.23,12.245961,8439.583,0.10221653,3459.782,3.6275954,16.507162,92.74948,0.009128015
2f9346667,48000,1025280,2880,1837.5978,9.331085,7886.4585,0.09863862,3312.9402,3.7741723,17.896717,82.3925,0.010200356
393ffeca5,48000,1028160,2880,2111.5767,6.3533764,9429.167,0.11722113,3566.1973,3.427598,15.068487,81.75232,0.008064718
90d4319d9,48000,1031040,2880,1788.2278,7.85788,8126.0415,0.09806018,3357.275,3.7355523,17.566292,88.06987,0.00983459
7daaaa436,48000,1033920,2880,1775.5013,9.242852,8054.1665,0.09518561,3384.3057,3.8377373,18.1606,163.10016,0.013558605
53ba16db0,48000,1036800,2880,1328.584,27.368214,6724.479,0.07188503,3195.721,4.3156204,22.155779,125.62133,0.015915789
fa25fb745,48000,1039680,2880,1906.4202,8.646513,13509.8955,0.12340264,4213.2515,3.055721,11.819382,131.81595,0.008435929
c10bd2113,48000,1042560,2880,2941.407,2.171343,17322.396,0.19429785,5080.9937,2.225211,6.979993,95.26766,0.0040602162
4e9cba08d,48000,1045440,2880,3740.5527,0.5298699,18255.729,0.24877201,5639.2314,1.7519803,4.8360815,70.31846,0.0023032061
cdfe10941,48000,1048320,2880,4195.443,0.32968074,18544.271,0.2805461,5914.2915,1.5488684,4.1310024,78.14947,0.0019067274
91527079b,48000,1051200,2880,5488.1772,0.25393245,18983.854,0.33111194,6609.568,1.1050408,2.8306172,58.8616,0.0015511351
ebff8957a,48000,1054080,2880,5252.253,0.18669671,18924.479,0.3536301,6321.1626,1.1741866,3.024783,49.421684,0.0012066934
dc1136745,48000,1056960,2880,5404.807,0.173995,19034.896,0.35284567,6348.382,1.1517737,2.9751315,45.222065,0.0012322047
c86d3e6e8,48000,1059840,2880,6125.1367,1.2824899,16947.916,0.33644262,5310.3203,0.7925981,2.9880364,27.546215,0.00281482
6b02c5b15,48000,1062720,2880,4461.5527,0.8395739,16854.166,0.28778464,5121.723,1.4538224,4.3893766,39.221256,0.0024609964
4d7ccf2c2,48000,1065600,2880,4951.76,0.2705933,18597.396,0.33446386,5917.9473,1.3012129,3.5414927,51.93106,0.0014709996
bf33e3f04,48000,1068480,2880,5432.8335,0.16347939,18969.271,0.3544703,6348.946,1.1245881,2.931563,58.41041,0.0012093793
0bf600aa8,48000,1071360,2880,5537.247,0.107591525,19061.979,0.3751539,6422.46,1.0820204,2.8217773,45.35584,0.000982393
f86bbfdfb,48000,1074240,2880,5330.8647,0.15931565,19067.188,0.35421607,6458.962,1.1330125,2.8973389,55.474686,0.0012025755
dc964f3b8,48000,1077120,2880,5164.828,0.19871362,18934.375,0.3401061,6431.8057,1.1689398,2.9704616,67.123375,0.001327463
511fd249e,48000,1080000,2880,5211.8765,0.19399734,18863.541,0.35141572,6327.326,1.1644272,3.022733,68.84273,0.0013172181
cbdafd638,48000,1082880,2880,5148.4937,0.24021098,18916.146,0.34232086,6350.007,1.1630368,3.0125089,65.11532,0.0014626173
f9c7446ba,48000,1085760,2880,4997.818,0.21867467,18865.104,0.34254152,6189.097,1.2507097,3.3059096,87.94007,0.0015445394
32a8b3e0f,48000,1088640,2880,5040.154,0.29554576,18946.354,0.34119457,6244.5044,1.2492731,3.246885,65.49106,0.001428116
f4b9bf3b6,48000,1091520,2880,4129.548,0.29754505,18445.312,0.28198734,5854.4814,1.5646425,4.191596,80.07545,0.0021030745
445c1a6c2,48000,1094400,2880,4181.2505,0.44342443,18602.604,0.27875116,5889.227,1.576858,4.2044673,58.589558,0.0018540855
ed57d88cc,48000,1097280,2880,4391.49,0.34677905,18549.479,0.29896444,5961.8574,1.4864885,3.9726841,60.736454,0.0016696716
ee668dd24,48000,1100160,2880,4154.076,0.33213085,18429.688,0.2834298,5860.056,1.5607028,4.175905,60.74057,0.0018031449
3fd55a367,48000,1103040,2880,3601.884,0.50387657,18166.146,0.23569047,5527.0063,1.8476535,5.168832,62.825718,0.0023084786
56d84b878,48000,1105920,2880,3211.1611,0.7789054,17592.188,0.20860134,5132.196,2.1039784,6.353831,95.05934,0.00325061
8a9338265,48000,1108800,2880,3079.8723,1.2786411,17536.979,0.19615354,5038.3955,2.2158377,6.8732376,86.57728,0.0037035982
d371cadf5,48000,1111680,2880,2833.7798,2.1194484,17043.75,0.17901419,4859.814,2.3851063,7.676713,92.65962,0.0043084687
4ae838b1d,48000,1114560,2880,2452.9036,3.7863762,15454.167,0.14810804,4424.722,2.7656188,9.865918,121.27374,0.006145313
84cf730f6,48000,1117440,2880,2540.2563,2.0417736,15792.708,0.14852321,4502.057,2.6133304,8.970829,78.28739,0.004093598
61eb35996,48000,1120320,2880,2649.4758,1.4797336,15948.958,0.15496038,4578.831,2.5276184,8.47575,90.61188,0.003970076
50f7154ec,48000,1123200,2880,2492.1096,3.174041,14657.8125,0.14996217,4314.3286,2.8326325,10.436708,103.33705,0.0054587102
0375aeb8d,48000,1126080,2880,2152.4631,13.647286,11052.6045,0.11251525,3766.8818,3.4368238,14.7655325,137.35593,0.01023435
1ec2c1f54,48000,1128960,2880,1875.6432,36.216885,7634.896,0.08378652,3227.866,4.1024427,20.415295,156.86183,0.017029725
ac9d73da7,48000,1131840,2880,1794.7556,65.46102,6630.729,0.072864875,3067.723,4.460356,23.675705,174.66762,0.020663012
26afbc8c6,48000,1134720,2880,1923.773,42.370132,7278.646,0.086497426,3186.6619,4.1853833,21.510626,182.9181,0.017930603
6bb24bacc,48000,1137600,2880,2043.9208,12.725425,8214.0625,0.095075734,3366.939,3.8571136,18.105616,139.33276,0.011939393
80678f9ab,48000,1140480,2880,1687.8774,128.83885,5170.8335,0.05945345,2615.2126,5.2612157,34.062695,218.85643,0.038942873
c0dabc953,48000,1143360,2880,1448.9642,53.956978,2665.625,0.03272426,1930.5753,6.972361,57.200027,344.60123,0.09689638
5f84c5ba8,48000,1146240,2880,1461.3453,38.778606,2694.7917,0.03253519,1929.9601,6.924304,56.622543,374.77414,0.10162567
58087eeb9,48000,1149120,2880,1498.519,40.96148,3268.75,0.036841948,2001.5256,6.4835105,50.249233,367.51553,0.09812893
63e1cb4bd,48000,1152000,2880,1444.5168,127.875854,2540.1042,0.02975448,1762.1736,7.2108846,62.81206,346.1061,0.12870781
40a73d001,48000,1154880,2880,1476.5472,392.4217,2889.0625,0.032650914,1853.9602,6.96082,58.457478,353.22977,0.11410467
efb0e31b6,48000,1157760,2880,1407.7408,326.70468,2232.2917,0.025720933,1662.9326,7.8939357,74.38089,369.40237,0.14693268
37c1288ad,48000,1160640,2880,1448.916,315.7585,2505.2083,0.028630842,1726.3063,7.3732076,65.975655,375.18423,0.13828194
177227efa,48000,1163520,2880,1447.2131,114.423004,2613.0208,0.029679887,1763.2361,7.1842585,62.480007,368.33694,0.12813342
8520158d6,48000,1166400,2880,1432.4264,99.04959,2391.1458,0.027950248,1756.8496,7.4073176,65.52056,393.55157,0.14542726
d02f74025,48000,1169280,2880,1438.3754,61.77347,2416.1458,0.02848695,1746.8529,7.3732557,65.266365,384.51004,0.13251944
7e659acf8,48000,1172160,2880,1459.1028,257.3414,2729.6875,0.03239496,1856.8458,6.964243,58.187614,344.9606,0.105305016
97e7fffa1,48000,1175040,2880,1432.8842,949.8224,2549.4792,0.028982162,1759.7177,7.4412293,66.84368,341.31857,0.12372775
e9a6ab5cb,48000,1177920,2880,1435.8439,414.7928,2558.8542,0.03067753,1801.8644,7.3023343,63.694283,336.4849,0.11153273
7515515a3,48000,1180800,2880,1533.5535,162.43767,3277.0833,0.037759494,2020.5679,6.4471855,50.069218,331.18442,0.08918732
7dcfba897,48000,1183680,2880,1514.5588,162.18996,3170.8333,0.03574417,1938.8488,6.654132,53.395344,310.58282,0.09178579
e13c06955,48000,1186560,2880,1505.0637,386.81567,2933.8542,0.03441399,1930.8445,6.791065,55.3589,336.80972,0.092292614
2b0659eb3,48000,1189440,2880,1500.0012,281.56818,3016.1458,0.033790924,1927.849,6.8493247,56.789745,337.46494,0.11003261
97191b899,48000,1192320,2880,1469.3792,355.3892,2610.9375,0.030582188,1822.1967,7.06643,59.95093,353.09274,0.13783155
aa5037020,48000,1195200,2880,1476.1868,505.47253,2728.6458,0.030406926,1827.273,6.896507,57.48196,355.9787,0.16377476
b2048222f,48000,1198080,2880,1470.1168,520.9089,2900.0,0.029679058,1759.7332,6.8903837,58.56859,343.20737,0.18105902
6d18d0443,48000,1200960,2880,1532.3696,954.90466,3271.875,0.03589323,1906.023,6.576333,53.27603,288.33655,0.10427259
0a610f897,48000,1203840,2880,1543.2191,401.25833,3280.7292,0.036800746,1924.9542,6.5203333,51.8052,306.7956,0.09355329
55091a2e7,48000,1206720,2880,1464.5798,629.95764,2455.7292,0.028018517,1706.5605,7.2341356,63.63817,349.24704,0.17787021
db8a491e9,48000,1209600,2880,1528.0382,1443.7521,3335.9375,0.033016264,1801.2009,6.651024,56.434452,317.48816,0.16514096
99b26642b,48000,1212480,2880,1567.2028,653.7038,3599.4792,0.03683734,1979.4531,6.1896234,47.254524,322.95798,0.13124745
9a53c0532,48000,1215360,2880,1581.5945,8443.329,3142.1875,0.031941347,1961.3236,6.416059,49.125614,326.87088,0.34567565
484e6d068,48000,1218240,2880,1727.7809,9491.922,4480.729,0.039554194,2243.7263,5.486568,36.522766,269.3266,0.32479376
cb88db519,48000,1221120,2880,1960.5281,2503.6577,7133.854,0.059612412,2618.6997,4.3503556,23.765266,170.66273,0.113873355
37d92341d,48000,1224000,2880,1856.9705,1502.8105,6004.6875,0.054316595,2404.7673,4.7861667,28.618664,208.67316,0.1009247
cef9f7c01,48000,1226880,2880,2003.3872,396.01724,6822.396,0.066651344,2593.7966,4.408963,24.939629,127.373566,0.051225062
e9cfce7c5,48000,1229760,2880,1777.3159,401.7695,4776.5625,0.0478129,2227.7004,5.3168178,34.714024,274.3471,0.11899935
2b8640ad0,48000,1232640,2880,1730.2678,212.75276,4281.771,0.04318111,2166.49,5.503914,36.818398,337.39468,0.16903912
b8c388f9b,48000,1235520,2880,1826.5435,300.66302,5431.771,0.04780688,2329.1523,5.0173674,30.654964,333.86383,0.18754943
51cdcb9b3,48000,1238400,2880,1618.2899,514.51807,3078.125,0.034735277,1900.5531,6.167257,46.661045,357.80286,0.22134757
bf9d40921,48000,1241280,2880,1762.8396,525.8782,4795.8335,0.047199253,2157.8875,5.463433,37.551735,288.91458,0.105378084
e63995ce9,48000,1244160,2880,1997.1792,340.31088,6964.0625,0.06749126,2624.2744,4.3917866,24.345274,212.97572,0.061950166
2fd492c08,48000,1247040,2880,1754.1196,748.23865,4484.896,0.04308113,2276.8132,5.401585,34.85682,373.56024,0.21168095
73877a793,48000,1249920,2880,1611.6316,1117.7344,2819.7917,0.031496372,1931.0254,6.3306804,47.255875,393.80685,0.3180237
c43faae75,48000,1252800,2880,1586.3174,5641.7026,2854.1667,0.031736974,1881.6927,6.5152154,50.78302,301.21848,0.21868579
fe9cd30e9,48000,1255680,2880,1808.8566,639.5092,5210.9375,0.0502222,2354.8857,5.1676865,32.901974,300.4811,0.12087946
f740c9db3,48000,1258560,2880,2092.1199,258.47623,7713.021,0.07200743,2846.3115,4.0514126,20.492476,259.37653,0.078373246
1c27903b0,48000,1261440,2880,1704.1222,389.53806,4178.125,0.04627818,2177.8872,5.6695423,39.16522,294.2534,0.086130776
fa1bb7218,48000,1264320,2880,1809.6979,116.10405,5066.6665,0.059335116,2443.2246,5.1665797,32.707005,216.50668,0.0386025
2830c6efd,48000,1267200,2880,1855.0583,94.9467,5539.5835,0.06626625,2619.5876,4.9088264,29.336452,196.47868,0.029844163
db471bdd4,48000,1270080,2880,1984.9807,22.780092,6956.25,0.08402769,2964.9934,4.276597,22.481878,131.1691,0.014985703
6ef46a849,48000,1272960,2880,2017.3259,34.640354,7302.0835,0.08491493,3018.8628,4.1396103,21.064928,135.54288,0.018491788
e5ea34528,48000,1275840,2880,2095.7073,67.62866,7100.0,0.08437583,2985.6577,4.1993365,21.82911,130.12003,0.019772755
905ec17cf,48000,1278720,2880,1806.8737,214.97992,4882.8125,0.053254478,2334.7383,5.2151694,33.192265,254.0885,0.079387486
c91c32c14,48000,1281600,2880,1859.2549,538.522,5419.271,0.056246858,2421.969,4.9982257,30.876669,252.38087,0.096836545
55313ac02,48000,1284480,2880,1753.7559,9525.639,3952.0833,0.039304666,2195.7786,5.62105,37.68082,304.93848,0.32456055
0f047e75b,48000,1287360,2880,1664.8174,8858.518,3039.5833,0.02922927,1914.3523,6.3003783,47.08731,357.11197,0.5811408
ff667cf82,48000,1290240,2880,1628.1014,8979.3545,3252.6042,0.031859607,1783.9733,6.4463162,52.31425,256.11908,0.23891157
5dc976e70,48000,1293120,2880,1824.5173,1478.8385,4955.729,0.051895354,2209.3413,5.260333,35.00382,185.69388,0.077112615
4e298c6fa,48000,1296000,2880,1768.0854,761.7559,4520.3125,0.048131753,2209.3645,5.4121523,35.82088,245.90143,0.10458756
ea24f16d6,48000,1298880,2880,1718.3389,1321.4724,4015.1042,0.04375042,2105.4072,5.815459,41.298008,280.32867,0.12615314
2de1e0cca,48000,1301760,2880,1886.0167,312.5853,5735.4165,0.062619194,2438.0823,4.809333,29.125296,200.12856,0.050251506
c36832dbc,48000,1304640,2880,1908.7035,43.81683,6230.2085,0.071263134,2760.5332,4.659028,26.706015,202.06868,0.026461896
341229191,48000,1307520,2880,2293.1614,12.163018,9953.6455,0.10337543,3504.346,3.5928833,15.991506,145.34631,0.0099210655
33f0086ef,48000,1310400,2880,2895.5754,4.456014,15082.8125,0.16658726,4384.6484,2.630486,9.368278,98.056274,0.005200993
17cff6253,48000,1313280,2880,3229.0088,0.7727904,17153.646,0.18846296,4833.3765,2.266012,7.1539254,95.56452,0.0038422982
43ae28439,48000,1316160,2880,3310.4424,1.1042488,16757.812,0.2066288,4733.335,2.2632375,7.299365,93.75242,0.003555304
8c59d000b,48000,1319040,2880,4356.2725,0.44531223,17510.416,0.26915634,4968.6074,1.7321336,5.3658347,38.000362,0.0020699636
df02396fb,48000,1321920,2880,4699.2856,0.53728503,16894.791,0.26052788,4601.345,1.6834154,5.67376,25.687178,0.0021740543
4d0c9f250,48000,1324800,2880,4574.1475,0.46606606,16732.812,0.26405114,4662.1904,1.6910163,5.6375237,24.28934,0.002038551
017342ef4,48000,1327680,2880,4393.896,0.44960827,17210.938,0.2717964,4809.5225,1.7099179,5.5411654,49.869923,0.0020467811
0f33cac75,48000,1330560,2880,4516.9487,0.4900784,17440.625,0.2779557,4947.414,1.6281531,5.1424065,43.749214,0.002128877
3f0119e5f,48000,1333440,2880,4613.5674,5.8419104,13140.625,0.20582475,4008.9978,1.4846269,5.9064593,21.167671,0.0057896716
bd58bd3f2,48000,1336320,2880,3641.5112,6.769859,9265.625,0.14716032,3293.953,2.1705282,9.694719,20.711494,0.0072766067
511a59346,48000,1339200,2880,3409.4534,6.655841,9139.583,0.13996442,3268.7112,2.4815507,11.068021,27.193235,0.0070749572
253ce0f02,48000,1342080,2880,3547.716,4.777396,11316.1455,0.16706838,3733.9097,2.320759,9.123959,28.511143,0.00560622
abbf7cda6,48000,1344960,2880,3555.2346,3.3142016,11482.8125,0.17447372,3835.9438,2.252704,8.584842,20.564922,0.0048713703
4d68a4bd2,48000,1347840,2880,3532.1643,2.7541518,11457.8125,0.17398524,3881.894,2.1868134,8.265827,24.409348,0.0047725625
54945f14a,48000,1350720,2880,3439.245,2.3385363,12924.4795,0.18383186,4083.6611,2.184282,7.841666,27.79914,0.0044748206
f7e297651,48000,1353600,2880,3565.81,2.3228035,13772.917,0.20006908,4235.396,2.0959382,7.2766986,28.864382,0.0040258
e76794600,48000,1356480,2880,3595.5847,2.6354241,13398.958,0.19587652,4176.4155,2.0816083,7.3392177,33.046993,0.0044393693
959b2ea8e,48000,1359360,2880,3658.374,1.8808056,13894.792,0.20315899,4277.8433,1.9883753,6.91538,31.347662,0.004133543
d93218282,48000,1362240,2880,3474.3806,2.4562116,12230.208,0.18042634,3957.8406,2.126974,7.8414593,23.400963,0.0047031464
3de6576fc,48000,1365120,2880,3856.1956,2.4520772,12857.292,0.20468962,4046.9458,1.9036928,6.8608956,18.686474,0.0043849116
c61e1370c,48000,1368000,2880,4055.6807,2.4357076,12419.792,0.20466188,3981.954,1.7692763,6.4790406,16.048815,0.0046517993
6827d4431,48000,1370880,2880,4312.0933,3.3022733,12807.292,0.2099926,4053.291,1.6340625,6.0347195,16.48903,0.005153404
901776f3d,48000,1373760,2880,4143.3916,4.450865,12572.917,0.19848154,4065.966,1.6754271,6.1228995,25.552061,0.0064135394
555158f1e,48000,1376640,2880,4066.2983,6.2454147,12123.4375,0.18992735,4014.111,1.7241906,6.36658,30.711967,0.0076807914
caf79db45,48000,1379520,2880,4132.688,8.93499,11402.6045,0.17484008,3753.7124,1.6874173,6.5580664,26.485365,0.008972942
a533a43fb,48000,1382400,2880,3848.4448,12.558644,10697.917,0.1642964,3711.375,1.7478349,6.8572345,38.07575,0.011227576
09e76dcc9,48000,1385280,2880,3898.6577,16.09553,10693.75,0.16240448,3696.228,1.7996881,7.055627,40.05042,0.011256425
d95c511fa,48000,1388160,2880,3729.316,13.288418,10824.4795,0.16358724,3760.1733,1.8821954,7.207182,46.797195,0.011614189
502379283,48000,1391040,2880,3455.025,8.133091,10954.6875,0.16632012,3801.9966,2.0620801,7.8090916,54.936623,0.010364165
04d187638,48000,1393920,2880,4023.258,3.9415925,14911.458,0.22402321,4529.026,1.775354,5.8644986,32.689304,0.005428074
2464a0a8f,48000,1396800,2880,4491.587,1.8331784,17480.209,0.2687625,5200.842,1.5034248,4.422822,39.265846,0.003977422
24a5aef2e,48000,1399680,2880,4439.533,0.72547406,17919.791,0.28767383,5447.464,1.4814918,4.192552,36.69682,0.002390591
f942380d2,48000,1402560,2880,4962.675,0.4793176,18417.709,0.3305052,5925.585,1.2329804,3.3298917,56.314247,0.0019377474
412d194ef,48000,1405440,2880,5706.902,0.23985843,18778.646,0.3649296,6264.3853,0.9978275,2.6933908,39.942192,0.0015229796
dd7b13bce,48000,1408320,2880,4325.0405,0.82644105,17596.354,0.28648013,5328.9033,1.528642,4.4905734,44.27547,0.0024466463
307d7ba5f,48000,1411200,2880,2429.8806,7.851211,10769.792,0.13816968,3791.8933,3.1170387,13.184849,111.28218,0.008541273
0d1cf22a8,48000,1414080,2880,1960.6805,17.366676,8055.2085,0.09515667,3204.142,3.8815084,18.807795,89.7782,0.012026642
c4a8165de,48000,1416960,2880,1923.1375,67.313225,7296.875,0.0856423,2941.501,4.0433736,21.425783,112.13622,0.020883542
73853a67b,48000,1419840,2880,1584.077,154.64145,5106.25,0.05740951,2447.0693,5.1417394,32.706417,174.982,0.034516715
ee9311638,48000,1422720,2880,1500.3762,215.58507,4686.4585,0.049155485,2231.9333,5.4751444,37.472275,244.2515,0.058763918
5f0b52f4a,48000,1425600,2880,1365.2643,214.89714,3056.25,0.0371682,2000.9999,6.558016,51.82522,286.10477,0.07289838
061835742,48000,1428480,2880,1405.6882,220.56506,3123.9583,0.037749816,1989.9272,6.574879,52.181587,287.28558,0.06848026
73f68fa15,48000,1431360,2880,1535.1798,362.10297,3978.125,0.04648375,2162.5964,5.848043,41.878197,192.8639,0.05078749
b3c3f0598,48000,1434240,2880,1531.2142,5163.5356,3152.6042,0.032478623,1750.9076,6.9594674,61.621277,187.88324,0.14591464
956f5e206,48000,1437120,2880,1492.5151,8337.379,2316.1458,0.017251797,1242.198,8.735857,99.11795,158.65105,0.23859857
bce333417,48000,1440000,2880,1553.3716,2903.7612,2458.8542,0.020351203,1365.8503,8.38785,90.72672,118.09823,0.13729121
96538ce9e,48000,1442880,2880,1583.9083,731.8283,2720.3125,0.026877446,1612.7927,7.7154336,75.370255,89.37786,0.06945227
2b6c2e309,48000,1445760,2880,1663.8104,169.41708,3222.9167,0.039558426,1994.2028,6.5123563,52.123814,82.432755,0.03234894
b23ec12c4,48000,1448640,2880,1779.4755,45.776737,4389.5835,0.056296624,2480.0706,5.273201,33.927975,67.28942,0.01863367
17559bf53,48000,1451520,2880,1953.3698,22.230185,5935.4165,0.072582565,2862.712,4.5955553,25.40498,78.32805,0.011888881
562df2229,48000,1454400,2880,2273.2761,6.2023168,9911.458,0.10802616,3580.3958,3.5833755,15.942247,58.812824,0.006766861
6318fea47,48000,1457280,2880,2780.6045,2.2522,15619.2705,0.1558972,4402.5293,2.7234266,9.705978,48.928047,0.0040459093
06362f8b7,48000,1460160,2880,3132.1208,1.1164343,16823.438,0.18081574,4749.836,2.3090105,7.394462,54.802334,0.0028652635
3fb345341,48000,1463040,2880,4021.328,0.49098897,18191.666,0.2663812,5511.508,1.7326828,4.831556,44.472153,0.0018604932
208218093,48000,1465920,2880,4203.1646,0.33537638,18332.291,0.27929145,5752.9937,1.574573,4.235763,53.405132,0.0018022797
7a444b357,48000,1468800,2880,4345.4995,0.29701722,18462.5,0.2964296,5824.0854,1.5159985,4.0730486,54.91374,0.0015865128
42175ad48,48000,1471680,2880,3022.7,1.4364924,17282.291,0.19694138,5046.806,2.2165794,6.9289145,86.30441,0.0036222101
2d10978a2,48000,1474560,2880,2644.6128,1.8310678,15535.417,0.1594746,4464.617,2.5756168,8.950227,87.95677,0.0041584205
962ff85c7,48000,1477440,2880,1819.7546,46.257965,8441.667,0.08856453,3363.323,4.086354,20.557798,187.8819,0.016459117
5f4ee55b7,48000,1480320,2880,1167.9753,4306.7515,1729.1666,0.01599359,1351.8607,11.071426,152.60146,209.52461,0.13473316
6ad038189,48000,1483200,2880,1223.4121,2167.167,1518.75,0.013638274,1242.8561,11.144398,146.76889,142.467,0.10717655
321af4a0a,48000,1486080,2880,1377.7026,694.41754,1894.2709,0.02215251,1577.7542,8.844788,91.94212,106.17146,0.06354432
72041962b,48000,1488960,2880,1503.6549,385.14618,2313.0208,0.026090711,1669.1306,8.094221,78.26612,183.0934,0.06997603
b356e4580,48000,1491840,2880,1507.4872,331.69583,2194.2708,0.019138655,1395.1249,9.312066,105.14294,302.0949,0.13691251
cd8db43c1,48000,1494720,2880,1568.6316,162.18541,2519.2708,0.026859304,1687.7059,7.9089303,74.88451,323.36603,0.099308364
93882c73c,48000,1497600,2880,1745.9333,121.76721,3547.9167,0.04097062,2085.254,6.3052588,47.663456,294.04324,0.066993356
3088faf36,48000,1500480,2880,1693.1886,195.95255,3031.25,0.03376987,1870.6653,7.179679,62.08149,327.16977,0.092803456
f56626044,48000,1503360,2880,1638.965,613.90015,2675.5208,0.028059864,1693.7281,8.162097,81.3851,342.37643,0.121281326
2b787e9eb,48000,1506240,2880,1870.6611,107.4888,4105.729,0.051963266,2403.625,5.659403,37.57477,251.80545,0.041088406
7900f61d8,48000,1509120,2880,1757.0424,105.45415,3387.5,0.042443726,2139.6375,6.271775,46.465588,322.146,0.059891626
ec0d00bab,48000,1512000,2880,1683.8893,91.510155,2892.7083,0.034867667,1931.2964,6.997112,57.52285,340.90927,0.07711754
cfdca3b09,48000,1514880,2880,1666.4653,299.36948,2782.2917,0.035064675,1993.9863,6.9823604,56.891743,258.89832,0.063526735
fd1b4aefb,48000,1517760,2880,1642.5764,493.21216,2643.75,0.03291872,1935.5847,7.1842747,60.081413,236.43184,0.06794259
52f2d96be,48000,1520640,2880,1666.1945,161.00839,2928.6458,0.037694804,2058.0806,6.7426133,53.167866,308.5622,0.06290187
4b0f14c7d,48000,1523520,2880,1610.9222,194.8102,2661.9792,0.033077076,1923.6571,7.174452,59.93173,324.3999,0.07357103
43cde8c48,48000,1526400,2880,1542.6594,234.41243,2196.3542,0.02785064,1806.1427,7.8371763,70.53174,356.99725,0.09080982
2d9b95d90,48000,1529280,2880,1548.4523,446.8822,2458.8542,0.030162442,1876.3396,7.508258,65.465775,311.65997,0.070952766
43ec80d5d,48000,1532160,2880,1494.4708,560.0245,2215.1042,0.027855704,1800.6964,7.866061,71.94451,221.64818,0.06984051
1a6d298bf,48000,1535040,2880,1560.9788,416.98953,2455.7292,0.032820158,2000.2524,7.06172,57.518234,242.02327,0.059365198
6e9f1790a,48000,1537920,2880,1707.8788,211.03917,3305.2083,0.042933326,2224.7012,6.1911697,44.78419,160.39902,0.034503173
bdd525768,48000,1540800,2880,1645.45,259.52066,2411.4583,0.02935985,1813.7628,7.6243505,67.758026,191.54367,0.056398086
50f8b34fb,48000,1543680,2880,1890.8192,173.48016,4140.625,0.048534643,2194.3167,5.831377,41.40524,115.54685,0.028875811
d623a02df,48000,1546560,2880,1944.5665,81.88037,4252.0835,0.048182175,2163.7844,5.804329,41.530445,179.64023,0.039598707
21ab66568,48000,1549440,2880,2206.8687,75.724205,6183.3335,0.07936703,2786.14,4.6268706,27.43015,111.34284,0.019560724
a296d7e34,48000,1552320,2880,2510.0361,9.527809,7978.125,0.10425897,3172.4358,3.707856,17.648088,76.19505,0.009488253
13d60010f,48000,1555200,2880,2411.8281,16.91163,7026.5625,0.09068561,2902.3958,4.073664,21.186852,87.03287,0.012304632
e6a6c34bf,48000,1558080,2880,2263.4937,38.56624,6398.4375,0.08017653,2723.2498,4.431409,24.846094,108.4688,0.016887715
c0a90cbce,48000,1560960,2880,2319.1445,18.90612,6952.0835,0.08874087,2866.6392,4.183667,22.21388,95.589836,0.014341386
810130f2b,48000,1563840,2880,2198.2173,42.405815,6293.75,0.079106346,2771.7285,4.4922876,25.25158,126.64032,0.018321842
5b54d0cf7,48000,1566720,2880,2075.267,72.342735,5602.0835,0.06901654,2689.2244,4.8943605,29.132845,185.52144,0.02493426
1130ca9d1,48000,1569600,2880,2183.453,29.41498,6994.7915,0.08351947,3008.9985,4.28159,22.298586,125.95753,0.015205942
9eccbeea6,48000,1572480,2880,2058.1685,35.058956,5992.1875,0.07525974,2824.2085,4.635069,25.878841,137.53206,0.017660134
2c8172a11,48000,1575360,2880,2127.8328,21.223894,7052.604,0.08510431,3043.6416,4.2695613,22.021494,131.17412,0.014097293
479a9ee2c,48000,1578240,2880,2095.9272,21.187937,7264.0625,0.08710229,3136.3274,4.121658,20.562595,126.90186,0.012694905
fc9076e6d,48000,1581120,2880,2221.2378,14.162225,8880.7295,0.09997995,3322.288,3.73347,17.359196,98.46378,0.010399943
50589191f,48000,1584000,2880,2148.356,12.576904,9201.5625,0.094040096,3258.2666,3.6950161,17.120913,78.707214,0.010553006
1184693aa,48000,1586880,2880,1612.2073,110.94758,4016.1458,0.050979424,2362.198,5.8075733,40.421837,243.9076,0.047860444
fc4cf3133,48000,1589760,2880,1570.3036,187.50438,4106.25,0.050647978,2418.193,5.6552424,37.777214,244.86641,0.03950767
19527eb59,48000,1592640,2880,1338.856,304.44293,2473.9583,0.033004895,2011.7944,7.0398073,57.21908,278.76788,0.05993551
8333ba007,48000,1595520,2880,1515.9996,147.65202,4271.875,0.051904336,2550.7058,5.419635,34.27333,182.59798,0.031915877
ee1fe746d,48000,1598400,2880,2329.9475,126.39659,12358.333,0.098906815,3852.8652,3.0094285,11.971149,175.3786,0.025683282
50e8c25fd,48000,1601280,2880,1720.3354,55.969906,7534.896,0.074890286,3070.9229,4.2511816,21.914911,145.55347,0.020620592
ee2195444,48000,1604160,2880,1727.3389,13.765937,7452.604,0.08248138,3195.0188,4.1668596,20.856983,108.54477,0.012653762
5309b4011,48000,1607040,2880,2008.4906,5.7207294,9739.0625,0.10854836,3637.0652,3.5517335,15.5925,82.93737,0.008057951
80852a1b3,48000,1609920,2880,2324.1265,3.5545816,13250.5205,0.12968941,3991.3862,2.944556,11.239511,63.507084,0.004863466
92aa70a7d,48000,1612800,2880,2402.3374,2.0927074,13615.625,0.13291037,4063.4114,2.9000516,10.931564,55.496483,0.0041029397
bc9c60673,48000,1615680,2880,2589.3035,1.5819638,14890.625,0.15766238,4324.621,2.7311504,9.81424,44.911274,0.0036012868
31bf8be7c,48000,1618560,2880,2581.182,1.4442344,15426.5625,0.16325563,4433.8916,2.6905844,9.513155,46.86544,0.0036912914
ca5c5d78f,48000,1621440,2880,2138.2507,5.101659,13058.8545,0.1305168,4051.1326,3.0838287,12.014415,125.63371,0.007146083
d87643e2f,48000,1624320,2880,2302.1804,6.7147856,14347.3955,0.1460769,4285.066,2.8572145,10.498778,104.688934,0.0061674262
8e7cc23f6,48000,1627200,2880,2355.068,2.6400895,15117.1875,0.1428437,4357.1484,2.7834651,9.938174,95.12669,0.004946141
d7f15e562,48000,1630080,2880,2056.477,3.4179525,13156.25,0.12884691,4077.1445,3.0939307,12.060711,93.85369,0.00608858
e6294ab40,48000,1632960,2880,1900.315,6.5235248,11170.833,0.1189899,3904.1626,3.2643979,13.441931,101.017494,0.0074577373
d1d97f2b7,48000,1635840,2880,1719.6274,18.15887,9011.9795,0.10632536,3570.1917,3.5907865,16.327835,111.19729,0.0096260095
6b0791182,48000,1638720,2880,1715.51,127.572136,6582.8125,0.07135027,2978.9653,4.73561,27.620617,167.15778,0.023875376
4fd4e3504,48000,1641600,2880,1965.4146,31.485369,7779.6875,0.09053262,3259.3042,4.017501,19.624302,108.135284,0.011233141
2706966d5,48000,1644480,2880,2176.0608,7.557012,8581.7705,0.10511504,3418.9604,3.68921,16.905487,69.25022,0.00776078
0088e31e5,48000,1647360,2880,2300.6086,6.541886,9391.1455,0.11011359,3545.8008,3.5896986,15.828809,75.53145,0.0073781903
2dfcd1dac,48000,1650240,2880,2303.541,12.770896,9366.1455,0.10963209,3473.884,3.654064,16.510908,105.60238,0.008999945
05cc71b93,48000,1653120,2880,2025.984,38.10303,6340.104,0.0762689,2868.585,4.5462475,24.962889,147.74712,0.01868669
885f72ce3,48000,1656000,2880,1925.0642,69.22665,4875.521,0.06170753,2544.1785,5.1564264,32.131557,174.40428,0.025614569
675f23a98,48000,1658880,2880,1747.641,203.20851,3093.75,0.035569377,1918.3108,6.9471664,57.692387,293.16046,0.06677547
283be8258,48000,1661760,2880,1660.798,232.5388,2393.75,0.026503,1640.635,8.009391,77.343925,320.3321,0.09930806
a415bf502,48000,1664640,2880,1611.7285,1071.328,2404.6875,0.025003817,1574.0891,8.218345,82.26671,297.65573,0.113453284
bbc897695,48000,1667520,2880,1713.1224,404.01572,3209.8958,0.039835338,2069.7014,6.5458746,51.749935,222.50298,0.055879254
e4a0fc269,48000,1670400,2880,1825.3108,103.17168,4568.75,0.054699995,2548.4233,5.3593097,33.78335,204.91354,0.02931795
cfca8919c,48000,1673280,2880,1849.8593,30.44878,6020.8335,0.071557485,2923.791,4.6594996,25.880339,129.67157,0.016809072
c63a51983,48000,1676160,2880,2624.8909,7.3044996,12302.6045,0.13180192,3921.6663,2.781956,10.7007265,56.03702,0.007115119
ca26935ad,48000,1679040,2880,2069.4062,10.026445,9043.2295,0.10341017,3491.9326,3.5195808,15.519749,79.955315,0.008712392
33c4df891,48000,1681920,2880,2152.8176,7.543479,10221.3545,0.11071892,3651.9841,3.391608,14.450224,94.24329,0.0074126986
515e0e7bb,48000,1684800,2880,1730.6483,1310.7212,6285.9375,0.06852229,2742.0583,5.528956,47.651276,145.42885,0.04292759
56b43fb35,48000,1687680,2880,1176.5441,7412.296,1512.5,0.013028786,1130.6693,11.656277,176.19022,156.93346,0.16793074
28a37e8d1,48000,1690560,2880,1360.2644,515.2646,2317.7083,0.029521434,1864.6732,7.770357,72.06541,114.656654,0.05124028
6128e6940,48000,1693440,2880,1606.6941,77.88675,4633.854,0.05455882,2637.3323,5.3606677,33.84534,114.20578,0.021192161
b81a3b3e2,48000,1696320,2880,1759.0941,44.053505,6486.979,0.069564745,3041.1292,4.524132,24.107048,116.98695,0.015424154
321cab74b,48000,1699200,2880,2118.247,10.699864,10666.1455,0.10201449,3701.1968,3.542589,15.460392,113.55085,0.009207657
c266991e1,48000,1702080,2880,2574.9563,4.037922,15013.0205,0.14017716,4316.1226,2.8442426,10.447816,99.92792,0.0056912475
63e806afa,48000,1704960,2880,3315.8982,1.2193277,17505.209,0.20534113,5062.313,2.0942557,6.3550854,58.44048,0.0027565472
618444f20,48000,1707840,2880,4004.1677,0.52539533,18077.084,0.26655728,5528.7646,1.7132843,4.7792645,49.011578,0.0018214223
117277e3a,48000,1710720,2880,3436.3406,0.48370987,17697.916,0.22972141,5273.4634,1.9628642,5.758198,56.4467,0.0021715497
b30c4328c,48000,1713600,2880,2703.8726,4.784699,15342.708,0.16945282,4526.8276,2.6385596,9.369966,97.991974,0.0051659695
243221b32,48000,1716480,2880,1562.8667,225.93463,6089.5835,0.067247964,2721.475,5.351448,38.7899,201.22054,0.0328348
dd73411eb,48000,1719360,2880,1033.1613,8484.082,1388.5416,0.009379193,964.5717,12.537309,210.17595,188.9063,0.20448492
76c15fd0a,48000,1722240,2880,1128.4501,2804.3098,1491.6666,0.0150436,1294.2914,10.563741,133.45277,142.44777,0.10877647
c1f064ba3,48000,1725120,2880,1303.7428,427.6848,2340.625,0.032238755,1945.3928,7.3045797,63.002335,118.49499,0.04245481
41c1a81dd,48000,1728000,2880,1527.958,79.65694,4079.1667,0.050117005,2437.683,5.7522073,39.456734,96.243515,0.022764914
fde8876d4,48000,1730880,2880,1757.5903,26.54644,6687.5,0.07239434,3069.6384,4.4417953,23.382519,91.360016,0.013331061
f173505dc,48000,1733760,2880,2060.6223,7.037455,9828.125,0.097769745,3619.245,3.526429,15.148139,66.7519,0.0065505127
36acf4fd3,48000,1736640,2880,2101.9802,3.918138,11126.042,0.10720232,3743.1028,3.3590636,14.006928,62.81556,0.00548845
9a50c496f,48000,1739520,2880,2335.0662,2.4581869,14230.7295,0.1381862,4179.1973,2.953709,11.12139,67.34056,0.0044516944
a4b31b796,48000,1742400,2880,2144.3118,4.2958446,12542.1875,0.1230548,3959.7375,3.2179718,12.90743,95.471756,0.0062647653
94e9d0d0b,48000,1745280,2880,2176.4368,3.9950054,12423.958,0.12407271,3972.2852,3.2043843,12.810471,115.29512,0.0072208396
1a7f80519,48000,1748160,2880,2351.0269,3.7078922,14173.958,0.1401825,4171.0547,2.9709668,11.228721,71.404366,0.0047663157
e9bf9f82c,48000,1751040,2880,2045.0444,7.9017353,9041.667,0.11338537,3488.0688,3.579541,16.206818,66.82725,0.007503502
8724bd192,48000,1753920,2880,1479.549,2615.0232,4181.25,0.049729485,2104.1426,6.3454537,55.84159,159.19995,0.07619118
50d666e53,48000,1756800,2880,1139.6339,9389.5625,1625.5209,0.012577063,1083.8224,10.999156,155.46721,189.79668,0.20267309
31d8c8456,48000,1759680,2880,1324.4071,823.9342,2297.3958,0.027385132,1649.8146,8.083979,80.44894,145.01897,0.07274218
11411202a,48000,1762560,2880,1531.1517,141.49466,3590.625,0.046097383,2147.211,6.017451,43.82729,119.36205,0.03391531
3cfbce18e,48000,1765440,2880,1714.3833,59.087967,5157.2915,0.063917115,2551.5723,4.972507,30.2971,87.15458,0.019218909
423623af4,48000,1768320,2880,1781.9824,33.41345,6026.5625,0.07246011,2805.7656,4.6415415,26.071482,103.84881,0.016690586
5a2289297,48000,1771200,2880,1871.9828,21.999517,7229.6875,0.085310765,3154.0068,4.180858,21.176945,91.54412,0.012786754
cf0d54320,48000,1774080,2880,1792.6417,16.48054,7302.0835,0.08058446,3143.9119,4.1368895,20.638632,99.86749,0.012156126
11128cad5,48000,1776960,2880,1718.9519,12.060877,6865.625,0.0801541,3081.0178,4.248901,21.724556,111.55742,0.012181421
d1902f77f,48000,1779840,2880,1505.6423,159.71974,4861.979,0.057616334,2516.2395,5.27181,34.440754,205.63884,0.036760382
e1e8c46b9,48000,1782720,2880,1171.489,13937.21,2168.2292,0.020898353,1441.2288,8.0855465,82.300156,221.50371,0.2411859
d70c8bcfa,48000,1785600,2880,1120.0881,26833.012,1669.7916,0.010412784,987.9023,9.846086,127.888824,230.22568,0.43360266
db9ca7f1a,48000,1788480,2880,1108.9005,11106.773,1668.75,0.01075794,992.3458,10.315593,144.11838,269.41064,0.33694887
8f6899ee9,48000,1791360,2880,1110.9049,7880.2324,1780.2084,0.012203855,1072.3683,10.510459,147.03377,252.53236,0.24663022
7eb8eebfc,48000,1794240,2880,1118.0369,21543.814,1770.8334,0.009224477,929.301,9.913815,135.35985,248.1254,0.3801107
c9bcc03be,48000,1797120,2880,1141.395,24363.244,1852.0834,0.013259352,1123.6652,9.109136,109.79397,248.83562,0.40647948
79593db0b,48000,1800000,2880,1167.9463,4223.893,2207.2917,0.019143786,1335.1027,8.141116,85.90231,205.74101,0.22085533
16033e3df,48000,1802880,2880,1117.7775,3799.8406,2060.9375,0.015962156,1219.3401,9.126979,112.13052,220.67107,0.18672395
3b2135a63,48000,1805760,2880,1067.5793,4088.889,1923.4375,0.015776018,1232.5,9.279421,112.137024,241.73875,0.20427768
61cf6b141,48000,1808640,2880,1078.4606,1754.7522,2066.1458,0.018752202,1364.5554,8.841629,99.328125,246.6491,0.17561889
57b336b34,48000,1811520,2880,1043.3376,875.08826,1886.9791,0.018949341,1379.1633,8.989891,100.663704,261.48892,0.14698401
3ca5da0cf,48000,1814400,2880,1106.8467,913.49585,2301.0417,0.026006592,1652.8922,7.77151,73.971634,285.68134,0.10900289
b71c82af4,48000,1817280,2880,1188.3136,1641.6342,2547.9167,0.02558075,1608.5333,7.4005814,70.048805,249.2314,0.12532589
6815fdec3,48000,1820160,2880,1174.0344,36538.57,2110.4167,0.014274094,1190.6261,8.5109,94.16606,174.29959,0.40371633
4f97041bc,48000,1823040,2880,1262.5398,16870.502,2276.0417,0.017771792,1329.4943,8.083288,83.90432,125.91595,0.2774079
62bb97da5,48000,1825920,2880,1274.3541,3066.7417,2316.1458,0.02085589,1396.3434,8.351542,90.63266,130.40742,0.12735674
6c170789d,48000,1828800,2880,1186.0365,2489.545,1959.8959,0.0174548,1361.3685,9.426609,111.3416,154.4106,0.11685424
08a266a40,48000,1831680,2880,1140.1777,722.834,1829.1666,0.01892972,1472.5538,9.416694,105.64861,152.40901,0.082845055
33a4cc5c9,48000,1834560,2880,1122.3204,691.551,2060.4167,0.02202767,1560.956,8.55037,87.69395,235.91354,0.10005024
6a01e69cc,48000,1837440,2880,1164.6257,442.7197,2243.75,0.028471004,1825.0548,7.573856,68.45636,231.64323,0.078613386
2b9f21575,48000,1840320,2880,1164.3604,373.3639,2466.6667,0.03193489,1893.2101,7.2541428,63.053234,252.35634,0.06464005
23431c671,48000,1843200,2880,1372.5801,291.99045,3634.8958,0.044827472,2182.4614,5.858925,42.328793,195.6106,0.057590373
b899553f7,48000,1846080,2880,1307.5349,5165.0264,2591.1458,0.026379164,1646.6604,7.2089005,64.3106,154.296,0.16167867
f38b0daa7,48000,1848960,2880,1486.6384,2854.949,3649.4792,0.038554486,1938.8445,5.8939238,43.81651,130.03574,0.10012441
7fb09b6b4,48000,1851840,2880,1338.569,1014.1317,2701.5625,0.030500256,1801.6041,7.1837177,62.52015,153.21355,0.07289827
b6e5d088f,48000,1854720,2880,1481.468,114.53567,3719.2708,0.04724154,2362.385,5.8357706,40.289818,117.21205,0.027946483
9e8f64e3d,48000,1857600,2880,1755.4153,44.220367,6667.1875,0.07193876,3048.3445,4.5176163,24.426783,100.617516,0.015905371
f2018759e,48000,1860480,2880,2184.46,11.889847,11846.875,0.106195405,3804.9695,3.407316,14.23,117.84173,0.00955158
36fc702bd,48000,1863360,2880,2656.8362,4.518688,15406.25,0.14948459,4427.8633,2.7047684,9.563455,81.2432,0.0056042126
f8b1fc00d,48000,1866240,2880,3400.5386,1.2050638,17472.396,0.20240638,4998.5337,2.1267674,6.5613704,74.63136,0.003525811
0018c500a,48000,1869120,2880,4253.8013,0.6648159,18163.021,0.259113,5618.88,1.6140302,4.4421525,51.489822,0.0022878733
5d0522477,48000,1872000,2880,5541.0854,5.3192544,16405.729,0.27062428,4821.7534,1.2629158,4.3583417,24.647758,0.0056544086
57104f689,48000,1874880,2880,5432.787,5.219976,17823.438,0.31267783,5294.4014,1.2074974,3.7970805,33.31117,0.0030659349
c694be116,48000,1877760,2880,5184.7344,0.84878266,17018.75,0.29758233,4901.913,1.3373393,4.318656,31.57118,0.0023931474
3dc1eacfe,48000,1880640,2880,5138.1255,0.29554224,18764.584,0.3380021,6023.4863,1.2434891,3.3650703,62.395084,0.0016508405
