id,sr,index,size,centroid,flux,rolloff,flatness,spread,skewness,kurtosis
acc1bc134,48000,0,4800,0.0,0.0,0.0,0.0,0.0,0.0,0.0
bbc07b78e,48000,4800,4800,3504.8691,7.798155e-06,6548.125,0.23334622,1991.1609,-0.028150234,0.5625869
957e6011f,48000,9600,4800,5891.7656,9.299765,19678.75,0.26315305,6246.264,1.2054216,3.4466724
2f9dedb61,48000,14400,4800,6039.9033,55.226707,19614.373,0.17201607,6614.432,1.0500346,2.7934577
cba4a55f0,48000,19200,4800,4974.592,89.76017,19373.75,0.14659466,5553.1343,1.422503,4.1637588
224e8e408,48000,24000,4800,5016.6323,120.45303,19672.5,0.1260451,5525.353,1.4872756,4.391109
5d2d5c939,48000,28800,4800,4910.4746,119.81047,19672.5,0.13945012,5611.801,1.4782417,4.2922173
8114c0caa,48000,33600,4800,4383.481,232.97115,17265.0,0.1256286,4993.83,1.6510122,5.366209
81bd633a9,48000,38400,4800,3829.7393,284.97824,13862.1875,0.110531695,4391.046,1.8686117,6.651083
95e285ead,48000,43200,4800,3834.5566,355.40027,13858.438,0.108939566,4355.062,1.9481177,7.03362
3a4c07e7b,48000,48000,4800,4106.6904,369.28415,15173.125,0.12475791,4529.2944,1.7961472,6.256463
3564f629f,48000,52800,4800,3904.9468,400.7007,12846.25,0.11805772,4278.721,1.8168632,6.595953
6099ebbd2,48000,57600,4800,3735.4717,369.7221,11919.375,0.12165298,4152.4946,1.7822922,6.484082
909b9017e,48000,62400,4800,3540.8333,533.7174,11984.375,0.11718059,4132.5957,1.8728995,6.8547006
dc0904b94,48000,67200,4800,3828.9883,454.9302,12590.9375,0.122552976,4186.204,1.8303401,6.688392
34b020bc6,48000,72000,4800,3869.404,509.04678,14780.313,0.113973595,4408.052,2.0083601,7.15477
9c012144f,48000,76800,4800,3878.1804,400.78592,14721.25,0.11582346,4419.302,1.9939777,7.061526
d1a766de2,48000,81600,4800,3936.037,495.92432,15305.625,0.12720393,4581.1094,1.82191,6.243146
c716b752f,48000,86400,4800,4152.698,398.45575,15217.5,0.12993497,4600.06,1.6893841,5.808741
d53809ac0,48000,91200,4800,4524.634,368.7737,16484.375,0.13822213,4802.9883,1.5511118,5.2042522
4802301c5,48000,96000,4800,4291.929,346.38922,14625.0,0.14274338,4555.167,1.5143785,5.2195487
3409729d5,48000,100800,4800,4548.9126,421.33536,15046.875,0.14328189,4593.344,1.4756994,5.151793
2b7b44e16,48000,105600,4800,4194.651,634.7105,14429.063,0.13256906,4575.879,1.5912739,5.507387
29ee458c0,48000,110400,4800,4237.5103,579.5183,14427.813,0.14008431,4573.2275,1.5101256,5.142299
b4f067c62,48000,115200,4800,4132.418,718.8557,14342.187,0.1403317,4601.3354,1.4885393,5.010363
6c0297cea,48000,120000,4800,3980.1316,761.4313,13436.562,0.1361777,4433.13,1.4868579,5.079257
1e42ae4b1,48000,124800,4800,4476.1143,560.91034,15305.937,0.14287478,4644.437,1.4382534,4.890298
cea09eda9,48000,129600,4800,4978.921,745.7767,16582.812,0.14901601,4837.9385,1.2761253,4.3674593
3d8cbcdc0,48000,134400,4800,5204.664,633.6461,17154.688,0.16348012,4962.4634,1.211175,4.036629
32a837ec2,48000,139200,4800,5456.099,608.39825,17137.812,0.1608154,4990.086,1.1282959,3.8342097
1f5288404,48000,144000,4800,5479.2983,718.2253,17455.938,0.16496623,5148.365,1.0902972,3.6214669
cd4d7ce7f,48000,148800,4800,5354.6323,714.45197,16516.562,0.1577613,4885.953,1.031702,3.6795402
a41ce847b,48000,153600,4800,5498.695,1124.3223,16733.75,0.14912012,4939.9385,0.9800104,3.5813367
cb119d369,48000,158400,4800,5447.0034,1188.5094,15584.375,0.1354648,4783.709,0.9167161,3.589231
4e32d6b8b,48000,163200,4800,5748.4526,1077.5629,16217.5,0.15437526,4791.8574,0.8798861,3.5200074
99a0a57d4,48000,168000,4800,5270.8296,1165.7865,15171.875,0.16020067,4769.121,0.9676522,3.5270767
e7fed7589,48000,172800,4800,5149.2793,1123.962,14520.625,0.15650217,4539.836,1.0831279,3.9808981
50e080880,48000,177600,4800,5381.2573,1468.8618,13930.625,0.14935327,4284.934,1.0132397,4.1352415
004298fe2,48000,182400,4800,5549.737,1597.3583,14069.063,0.14872831,4315.336,0.9571469,4.0251827
0dba402a2,48000,187200,4800,5764.1924,1217.1991,16472.188,0.16293381,4850.0693,0.9986749,3.6702669
ce28a101a,48000,192000,4800,5255.745,1303.8079,15249.063,0.15237536,4683.5015,1.1214261,4.040765
b66a873df,48000,196800,4800,6430.735,2387.3672,18100.312,0.16327041,5241.7173,0.8385194,3.1826913
10fda76a8,48000,201600,4800,7263.672,2309.6506,17206.562,0.1703588,5168.9126,0.51203,2.6200716
5825f581e,48000,206400,4800,6272.769,1449.191,16899.062,0.16375951,5276.3706,0.77068037,2.8792517
ebe2d3e1b,48000,211200,4800,6069.37,1200.5367,17127.812,0.16581488,5218.428,0.866799,3.141351
a60e42ed9,48000,216000,4800,5022.67,1038.5233,15747.187,0.1453599,4779.422,1.2351425,4.3153977
a9564c2b6,48000,220800,4800,6144.4214,1339.4617,16024.063,0.16600102,4948.6626,0.82908344,3.1837666
d8d90cdfa,48000,225600,4800,6914.736,2179.1458,16073.437,0.1639018,4913.453,0.5808101,2.772409
cb4ab82d3,48000,230400,4800,6319.298,2226.9817,15491.25,0.16772054,4813.144,0.7409976,3.0237074
eb670d68d,48000,235200,4800,5756.8115,1219.9348,15805.625,0.17063232,5101.1567,0.9273461,3.0696585
5e555e819,48000,240000,4800,4427.4688,1660.449,14995.625,0.14766276,4699.5547,1.3981179,4.5272417
5e19df9c9,48000,244800,4800,4296.2476,954.8497,14470.0,0.14037628,4525.0103,1.5369855,5.1685143
6659937ed,48000,249600,4800,4049.0413,1155.9977,13738.125,0.13434935,4402.843,1.596235,5.488245
a4c31dedf,48000,254400,4800,4011.8047,1074.2533,13255.625,0.12756711,4367.3745,1.653125,5.739601
8bc4234c3,48000,259200,4800,3918.2478,1261.4966,12595.625,0.12487838,4228.8125,1.7026062,6.016747
227a7574b,48000,264000,4800,3904.5237,1488.6646,13205.625,0.1288383,4305.9307,1.7016315,5.905602
4918881da,48000,268800,4800,3937.5913,2008.7335,13524.6875,0.1213222,4387.3115,1.7501405,6.123557
7fabbf040,48000,273600,4800,4090.4792,1581.6915,14111.562,0.120746806,4411.6123,1.7435445,6.0721354
4648ed8e4,48000,278400,4800,3933.0046,1553.7845,13547.8125,0.11755361,4315.9966,1.875733,6.6813626
ff8cc002a,48000,283200,4800,3818.5083,2029.6344,12345.9375,0.10965963,4177.1567,1.8837577,6.8848567
a165a047d,48000,288000,4800,3969.9026,1347.6444,14104.375,0.12360472,4406.8335,1.7188841,5.842125
fb6e61921,48000,292800,4800,3683.9846,1164.4777,11745.625,0.11793831,4059.2776,1.7827718,6.502176
b26521269,48000,297600,4800,3944.24,1659.3895,12915.0,0.11751976,4408.6055,1.7035762,5.954143
704f487ca,48000,302400,4800,4120.2285,1284.6359,15375.0,0.12503995,4693.882,1.7394812,5.808636
0392ba666,48000,307200,4800,3870.708,1590.9213,13128.4375,0.120557174,4334.3223,1.7255957,6.0427427
d6b51ff48,48000,312000,4800,3723.0916,1536.594,11773.4375,0.115299545,4105.001,1.7494942,6.3420563
509c4dd28,48000,316800,4800,3567.668,1867.5286,12404.375,0.118366115,4254.854,1.8109825,6.33736
fca2c3532,48000,321600,4800,3751.2742,1684.9926,12793.75,0.12283093,4314.8823,1.7254549,5.925682
9904b7ab9,48000,326400,4800,4469.9604,2034.4948,14301.563,0.13754503,4459.991,1.3149221,4.4890404
1a6c4108b,48000,331200,4800,4880.802,1995.5042,14615.938,0.14598952,4558.5083,1.1271728,3.9454699
be4a33aff,48000,336000,4800,5161.9814,1411.9137,15152.813,0.14975105,4669.0337,1.1734236,4.1235285
008cd3e4e,48000,340800,4800,4592.67,1427.0393,15327.187,0.1343711,4694.27,1.5073159,5.0533047
dbe060c25,48000,345600,4800,3704.9841,1385.8954,13301.25,0.11217855,4401.7207,1.9961231,7.0167775
862f98082,48000,350400,4800,3506.7534,1191.5731,14485.0,0.10076141,4524.892,2.1478,7.5168114
8fe7644f7,48000,355200,4800,3394.978,1111.411,14971.25,0.09157699,4508.4243,2.3001368,8.182674
59553053c,48000,360000,4800,3365.9,1157.0852,13911.25,0.09331123,4409.6772,2.314657,8.35033
183f94a02,48000,364800,4800,3207.3813,1191.62,11240.3125,0.09330318,4052.257,2.337079,8.939099
265d3e1a0,48000,369600,4800,3145.583,1348.6827,10559.6875,0.10030265,3845.6763,2.1051824,8.01307
f80ac8e8d,48000,374400,4800,3522.1116,1150.202,10992.5,0.10617755,4026.4167,1.8624265,6.7708573
19de364cc,48000,379200,4800,3623.0774,1194.5477,11608.75,0.11790405,4055.8657,1.6713395,5.8287807
fd2e16528,48000,384000,4800,3884.49,1484.9268,13150.0,0.12435517,4333.1147,1.6019177,5.4479904
1309bdb82,48000,388800,4800,3657.0042,1576.4617,11770.625,0.113895595,4161.649,1.754751,6.1852913
2d12edd39,48000,393600,4800,3475.8489,1333.647,11367.8125,0.108473025,4097.471,1.9998966,7.3331575
36a9195ee,48000,398400,4800,3156.2146,1273.7224,10879.0625,0.0959654,4033.3125,2.2525036,8.538097
f2ea6ec96,48000,403200,4800,3117.4038,1243.9727,10628.4375,0.09708412,4025.0466,2.277172,8.676914
4ff201700,48000,408000,4800,3692.3875,1161.3268,13209.0625,0.11507761,4307.7456,1.8288507,6.3689284
0ee19838b,48000,412800,4800,3687.1555,883.0321,13473.437,0.118729524,4304.7866,1.8193207,6.239941
b42d23175,48000,417600,4800,3455.3298,687.8767,13206.562,0.11147738,4395.3516,1.9895068,6.9470572
91ccfb24a,48000,422400,4800,3294.386,647.0623,13681.25,0.10563654,4420.3135,2.229493,7.9017334
18a9e7a80,48000,427200,4800,3502.125,903.2861,14981.875,0.099707514,4616.514,2.1662269,7.412591
c5c8b9745,48000,432000,4800,4217.6587,741.6764,18351.562,0.11494635,5131.8477,1.7290174,5.394824
c4a58c8e4,48000,436800,4800,3776.1875,686.9519,19664.062,0.09484241,5202.1685,2.0385022,6.370608
d4e48dd87,48000,441600,4800,4013.3242,690.0981,19686.25,0.09387881,5688.7646,1.8923055,5.4431243
df5999e5f,48000,446400,4800,4211.4907,620.14404,19687.5,0.10732138,5877.011,1.7734774,4.891071
fc7e6fd55,48000,451200,4800,3995.6484,605.9602,19680.0,0.09962737,5598.32,1.958448,5.7380495
54eaccdc8,48000,456000,4800,4065.3784,518.29834,19687.5,0.09261225,5910.601,1.8909513,5.2336073
6d4583024,48000,460800,4800,4263.385,413.45102,19687.5,0.10849728,5827.176,1.8056617,5.0255327
254ecb914,48000,465600,4800,4315.3594,462.7273,19687.5,0.10200324,5868.7354,1.7667887,4.9447365
7f2e43d43,48000,470400,4800,3904.4382,441.2153,19682.5,0.09521515,5491.5327,2.0178366,6.014608
bf1d4c3b3,48000,475200,4800,3744.4067,362.50604,19598.75,0.10529982,5316.0693,2.023905,6.20159
0ba3f9d50,48000,480000,4800,3223.5022,284.60367,18051.562,0.09310015,4874.0405,2.3307989,7.830633
eb6c4976a,48000,484800,4800,2820.1963,326.61224,14060.312,0.094128065,4406.271,2.6175742,9.687293
a8efd2bfc,48000,489600,4800,2526.1611,472.16458,10005.625,0.08557577,3826.036,2.9002736,11.99155
ae47dd948,48000,494400,4800,2424.0212,421.15347,9028.75,0.0767399,3577.485,3.002522,13.167101
e10bae301,48000,499200,4800,2624.59,353.73166,9703.75,0.07521018,3898.2966,2.8625069,11.786677
5303245df,48000,504000,4800,2655.352,339.67517,9790.625,0.08224117,3872.2524,2.7712548,11.347051
2b49cc1e7,48000,508800,4800,2761.1655,257.8368,12315.3125,0.091001965,4171.785,2.662343,10.144717
626774a7b,48000,513600,4800,2917.8633,225.45593,14511.562,0.09443499,4442.576,2.5257561,9.119896
599bdbc97,48000,518400,4800,2972.0435,242.86974,12565.625,0.09855628,4223.603,2.5148392,9.468571
f753624cb,48000,523200,4800,2460.2502,238.25674,8626.875,0.07629708,3488.4438,3.0644164,13.845503
a45b7c495,48000,528000,4800,2622.8608,199.8533,8995.9375,0.08246292,3647.18,2.8846955,12.556155
ac076e311,48000,532800,4800,2642.2388,169.28761,8747.8125,0.08768848,3475.585,2.7893698,12.428809
2917f20c8,48000,537600,4800,2428.9126,188.03333,8738.75,0.08350238,3452.703,2.9944224,13.579201
562170eca,48000,542400,4800,2244.567,219.46461,8666.875,0.072087124,3414.1099,3.2320971,14.987249
bfa8b2cab,48000,547200,4800,2422.9978,207.62183,9115.625,0.076917365,3691.4458,3.1421936,13.737503
f8058ad70,48000,552000,4800,2437.0337,197.04922,9200.0,0.074618965,3772.6384,3.099937,13.294612
3b3c5b256,48000,556800,4800,2396.6243,181.8422,9496.25,0.07637128,3903.3167,3.0873325,12.968029
de5079f01,48000,561600,4800,2412.136,173.72214,9833.125,0.07156651,3938.309,3.1046534,12.960025
8c6bfabda,48000,566400,4800,2379.1497,134.8501,8713.4375,0.08133478,3582.1982,3.1897807,14.284684
cc71199b8,48000,571200,4800,2291.6938,168.81508,8118.4375,0.076524876,3404.5745,3.3303423,15.722465
4d217f8a5,48000,576000,4800,2231.242,149.53873,7766.25,0.0762597,3138.572,3.320926,16.231739
7c83a3ad2,48000,580800,4800,2431.3684,132.49106,8674.375,0.085402034,3383.477,3.0849273,14.089422
091695ce7,48000,585600,4800,2398.3416,116.96,8796.875,0.09302943,3431.2888,3.013259,13.380367
182af00f7,48000,590400,4800,2191.766,155.75697,8276.25,0.07613925,3398.8088,3.3773546,15.905561
fd63f2197,48000,595200,4800,2490.021,121.6893,11228.125,0.08570022,4018.6462,3.0566926,12.475142
139609676,48000,600000,4800,2584.6738,139.34526,12569.375,0.076099396,4180.35,3.0366814,12.040482
93dd60933,48000,604800,4800,2767.9246,167.6714,13420.0,0.07384888,4258.8564,2.8881052,11.285906
c9b95baf3,48000,609600,4800,3260.4714,128.55542,18613.75,0.082111984,4691.025,2.5566792,9.02031
0f76fb2b0,48000,614400,4800,3101.5627,127.02375,18964.062,0.07566999,4780.4136,2.5461364,8.852531
939bfa805,48000,619200,4800,3022.148,104.63952,18912.188,0.09005847,4756.274,2.5773432,8.967974
dfc16ae81,48000,624000,4800,2997.8738,111.8547,18936.562,0.08236763,4881.6284,2.5794892,8.832639
d88a13672,48000,628800,4800,2882.6086,124.71108,18019.688,0.08545275,4807.454,2.6597607,9.3230505
e4da6a894,48000,633600,4800,2786.925,111.57982,19185.627,0.07585922,4743.4404,2.745836,9.692295
2889f3bf2,48000,638400,4800,2955.5945,101.31827,19441.25,0.08483048,4927.1104,2.5808163,8.7204685
306b910a5,48000,643200,4800,3021.363,118.79836,19229.062,0.086784616,5014.211,2.5110788,8.310339
458ce7008,48000,648000,4800,3217.1462,131.51514,19674.062,0.07660365,5147.351,2.5062392,8.133621
a82a8e8a6,48000,652800,4800,3640.5,143.07664,19685.0,0.090023614,5518.6855,2.1819048,6.5006256
5310645f1,48000,657600,4800,3388.0632,144.79024,19663.125,0.08824951,5283.624,2.3541274,7.455625
5a56ec6e7,48000,662400,4800,3242.8103,116.892555,19664.062,0.09025578,5165.595,2.4124181,7.715332
00dbe5d3c,48000,667200,4800,3200.2202,102.93987,19654.062,0.08964675,5246.3804,2.3908179,7.5712256
ef4e71fd2,48000,672000,4800,2846.9822,84.43829,18770.312,0.07532547,4768.099,2.7011805,9.47065
075bab0a3,48000,676800,4800,2872.6514,90.01776,17916.562,0.07697257,4760.44,2.6514015,9.278247
34ba365f1,48000,681600,4800,2901.083,110.69078,16946.877,0.07935184,4735.452,2.636512,9.336302
9389bec8a,48000,686400,4800,4136.594,111.69721,19687.5,0.07913005,6544.3477,1.7617484,4.4481564
ba70894b3,48000,691200,4800,5281.9966,72.08653,19700.938,0.09436242,7291.053,1.3110827,2.9758325
307a57e5a,48000,696000,4800,5642.8203,58.724895,19710.938,0.10196368,7572.16,1.1771212,2.5928874
a95ccbddd,48000,700800,4800,4321.078,79.43293,19695.625,0.091952465,6594.3384,1.7044332,4.3521338
2775c1fdf,48000,705600,4800,4452.432,95.60005,19696.25,0.08443579,6826.227,1.6258755,3.983703
692842142,48000,710400,4800,5164.8223,78.74356,19703.75,0.10147244,7342.442,1.3149171,2.9581528
668cf91cc,48000,715200,4800,3891.3567,111.197784,19687.5,0.10055584,6322.5327,1.8281043,4.8184295
65a782e04,48000,720000,4800,3582.0532,142.60066,19683.438,0.08527794,5961.328,2.0681448,5.8202834
8777346e4,48000,724800,4800,2843.1875,147.08429,19076.562,0.08280051,4905.9927,2.6217678,8.935088
b2845fa04,48000,729600,4800,3096.042,102.84043,19489.062,0.09354056,5105.0073,2.432793,7.9091334
189607a57,48000,734400,4800,3069.8215,63.028088,17898.438,0.10983162,4863.3975,2.40731,8.005468
90b328940,48000,739200,4800,4369.8193,55.55242,19537.5,0.117628634,6284.99,1.7094991,4.5433664
8f4088e6b,48000,744000,4800,3668.6775,59.252655,18636.25,0.12673339,5536.592,2.052903,6.223816
abe833cfc,48000,748800,4800,3135.0952,83.56134,19202.188,0.1066626,5180.4517,2.3825953,7.634345
85a5ed6a9,48000,753600,4800,4409.6016,88.3428,19212.188,0.10172288,6566.1934,1.7066587,4.672741
8c23ea475,48000,758400,4800,4854.949,78.2254,19701.875,0.10251785,6989.481,1.43962,3.468644
aca29721e,48000,763200,4800,4159.5586,109.20008,19687.5,0.096740395,6523.7456,1.7345121,4.4069457
561670b31,48000,768000,4800,2871.4424,106.04544,17617.5,0.07855639,5025.2876,2.592611,8.914532
28fc4bd1c,48000,772800,4800,3909.4187,77.823265,19690.0,0.09892446,6150.3594,1.909754,5.1699243
864f1d360,48000,777600,4800,3639.3354,84.58085,19687.5,0.0993236,5931.199,2.0108466,5.61789
38fdfffc3,48000,782400,4800,3465.7244,73.77761,19677.5,0.091006875,5810.0312,2.1480072,6.2260957
99e6a8e52,48000,787200,4800,3520.2263,60.199127,19687.5,0.087049864,5912.6904,2.1078014,5.9340887
5b0e3880f,48000,792000,4800,3201.1338,59.43,18909.375,0.11389507,5247.5093,2.3332727,7.329567
bcb61823a,48000,796800,4800,3859.1826,81.88212,19685.625,0.110189855,6181.3145,1.8588161,4.912438
602ada3ea,48000,801600,4800,4666.3677,72.02554,19680.0,0.15667991,6154.524,1.5189707,3.9685242
de14014f4,48000,806400,4800,4507.0547,87.274895,19671.562,0.16158062,5766.7314,1.6608155,4.765188
8ff05ae69,48000,811200,4800,3099.118,78.10049,18059.688,0.1211326,4965.353,2.378771,7.6817417
932d0f7dc,48000,816000,4800,3978.0813,106.347755,17553.75,0.15149768,4975.034,1.9108087,6.056668
fddbc2fcb,48000,820800,4800,4118.615,111.57488,19678.75,0.13119355,5616.578,1.8726665,5.401344
f4198340a,48000,825600,4800,3588.1243,118.483696,18944.062,0.12693869,5186.452,2.0928247,6.4824815
8e2bcd166,48000,830400,4800,2871.1694,124.99018,16484.062,0.11067462,4603.4473,2.5718307,9.05552
8c08140bc,48000,835200,4800,2561.2266,97.29084,16336.563,0.092822924,4689.702,2.7386022,9.760378
ab8eef652,48000,840000,4800,3994.7068,111.72699,19189.062,0.14860208,5649.3535,1.7647913,5.009352
a980df543,48000,844800,4800,3045.9033,174.19432,17209.688,0.11533938,4871.63,2.2865934,7.4771547
1b1656fb6,48000,849600,4800,3138.5037,113.38729,18234.062,0.10607973,4998.19,2.3182678,7.490353
d7528b6a4,48000,854400,4800,2589.3142,134.0093,14520.938,0.088338494,4420.875,2.7567716,10.141076
672f15d9c,48000,859200,4800,1910.0743,148.31592,8687.8125,0.074515074,3507.9397,3.4765148,15.914599
db787b5c4,48000,864000,4800,2319.0078,175.83159,12096.875,0.09272421,4155.676,2.9458933,11.481135
af88845d6,48000,868800,4800,2031.816,419.87283,11075.625,0.08656063,3963.6138,3.0774236,12.539725
1b151fe7f,48000,873600,4800,2200.0833,478.81845,14171.563,0.080185115,4385.436,3.0086884,11.491916
e186a738a,48000,878400,4800,2204.7188,218.545,13405.938,0.07454354,4267.224,3.1551116,12.497739
50ebad402,48000,883200,4800,2104.1294,226.5713,9522.1875,0.07345426,3902.7578,3.3232958,14.290885
2c6175d68,48000,888000,4800,2790.657,171.71873,16818.438,0.09745327,4725.8794,2.6600473,9.454292
0648e2be8,48000,892800,4800,2687.139,272.8594,19279.062,0.07875278,5013.431,2.6312532,8.878289
0b160bf1a,48000,897600,4800,2763.728,249.06825,19670.312,0.0721961,5185.7974,2.5995712,8.523981
24cd0a5cd,48000,902400,4800,2150.5786,821.088,14395.627,0.07238766,4482.0137,3.0316615,11.704081
6322e7154,48000,907200,4800,3160.7048,167.4094,19533.75,0.091172844,5545.535,2.2640495,6.895856
c77890fb9,48000,912000,4800,2960.4177,171.28343,19005.312,0.0901099,5084.6074,2.4896972,8.292755
022a04212,48000,916800,4800,1658.0641,1443.4836,9342.8125,0.04864711,3846.2876,3.854738,18.189144
b1a29c2a0,48000,921600,4800,1712.5781,1230.2748,9584.687,0.046517834,3959.046,3.7144027,16.637413
60d27229d,48000,926400,4800,1891.5663,1006.7608,11027.188,0.06600904,4089.9792,3.458636,15.298913
d9404efa7,48000,931200,4800,2588.5366,344.77032,16505.625,0.08425995,4869.6226,2.658743,9.43786
ad884ad8f,48000,936000,4800,3524.2222,246.93329,19453.75,0.08336633,5905.8433,2.0676627,5.9616656
0e8397b38,48000,940800,4800,3267.19,956.9686,17867.188,0.12518935,5196.774,2.0063167,6.090122
07d257819,48000,945600,4800,3386.1428,629.4364,19662.188,0.09864681,5723.553,2.0771656,6.0358014
f219d169a,48000,950400,4800,3464.2166,956.9891,19374.375,0.09825438,5790.691,2.0909793,6.3424115
8af714f32,48000,955200,4800,3981.3203,150.2936,19685.0,0.13118021,5979.8774,1.7563488,4.7612486
f8adb9803,48000,960000,4800,4069.8474,162.71109,19682.5,0.10964367,5982.9834,1.7751184,4.820642
8262ade2e,48000,964800,4800,3779.0884,165.62915,19184.375,0.13303305,5620.2056,1.8728696,5.3740563
01788fc35,48000,969600,4800,3297.1045,653.047,19665.625,0.098018214,5689.6284,2.1356583,6.358469
bd0415ff0,48000,974400,4800,2306.3638,419.4858,13560.001,0.074403785,4318.271,2.9964573,11.710552
f46b3a0ba,48000,979200,4800,2792.0396,239.02614,16837.5,0.10073093,4694.01,2.5351195,8.80105
eacd464ae,48000,984000,4800,2438.6343,412.49445,12822.5,0.10513923,4265.3486,2.6337757,9.7229395
b36e327d5,48000,988800,4800,1814.1942,809.6615,8416.5625,0.070160255,3605.5679,3.3913984,15.4822235
100837c53,48000,993600,4800,1999.9496,2366.9077,15003.437,0.044553153,4645.4526,3.2728326,13.371129
153582de4,48000,998400,4800,2477.7146,1090.1736,17217.5,0.060792167,5077.0835,2.7971876,9.977636
8ba23a1ad,48000,1003200,4800,3771.8416,635.14435,19692.5,0.08623717,6394.5464,1.8598857,4.9782853
cf7242e09,48000,1008000,4800,3662.3691,200.23242,19592.5,0.10347355,6031.2915,1.9312137,5.3502154
86d23cc22,48000,1012800,4800,4192.091,153.09273,19685.0,0.116070315,6246.9165,1.7474526,4.588177
c5deb1e30,48000,1017600,4800,2718.7913,1203.7842,16484.688,0.099721625,4835.305,2.4912753,8.522412
3cd67a22b,48000,1022400,4800,4125.434,413.17355,19347.812,0.13040479,5802.9326,1.7356708,4.8814335
41f1856a2,48000,1027200,4800,2140.8433,1608.0956,11509.0625,0.069023944,4082.1309,3.403242,15.670129
de76eb726,48000,1032000,4800,1546.8136,3611.613,8528.4375,0.045097418,3740.7017,3.8912077,18.408836
b8c7a5d4a,48000,1036800,4800,1804.119,2921.7788,8907.8125,0.06498052,3728.4924,3.5639257,16.52965
9371aad9a,48000,1041600,4800,2858.4304,289.7211,16406.562,0.0969652,4663.3276,2.4988294,8.694794
eda1a07c3,48000,1046400,4800,2275.9385,1703.6204,17112.5,0.06979922,4652.653,2.8533869,10.403668
5e155635c,48000,1051200,4800,1622.5005,1925.33,8254.375,0.061185602,3437.5916,3.8018603,19.152704
039b65244,48000,1056000,4800,1739.9652,1768.0663,9015.3125,0.060531106,3733.0803,3.646941,16.66269
4ce678d32,48000,1060800,4800,2236.3733,1105.2949,13127.187,0.078742035,4338.21,2.9972336,12.069555
244614495,48000,1065600,4800,2584.856,1323.2345,16007.812,0.09629067,4773.3296,2.492468,8.583099
09066b529,48000,1070400,4800,3219.1514,1397.4421,19273.438,0.101721525,5480.4067,2.1180823,6.422925
64c099357,48000,1075200,4800,3152.5007,310.53683,17789.377,0.11661049,5027.4873,2.2011425,7.04152
c9d200d7b,48000,1080000,4800,3060.969,186.3602,18616.875,0.10882912,4976.811,2.370742,7.7405143
67c59ba98,48000,1084800,4800,2560.3896,302.1912,15668.437,0.08151159,4488.2646,2.8487484,10.611191
9567ab4a0,48000,1089600,4800,2124.1292,197.3564,8416.5625,0.08249728,3436.488,3.380609,15.492991
cf6a618b1,48000,1094400,4800,2516.9695,110.86507,12176.25,0.083656944,3977.5837,3.03214,12.239502
4ff468056,48000,1099200,4800,2150.5466,673.68,10727.5,0.067785986,3817.9817,3.269507,14.276146
0deeee505,48000,1104000,4800,3373.5105,176.28159,19627.5,0.08616497,5444.4434,2.2943375,7.050231
d0f59f706,48000,1108800,4800,3432.4119,172.66443,19680.0,0.084836595,5613.3906,2.2133083,6.5693946
f60813ff5,48000,1113600,4800,2288.535,245.84651,11148.75,0.071454465,3947.3616,3.2763512,14.023932
5cb4fb9f2,48000,1118400,4800,2929.7595,164.32022,18190.625,0.080877356,4625.302,2.6969614,9.65511
d71501831,48000,1123200,4800,2658.6362,398.01395,19242.812,0.057476755,4809.3374,2.7864015,9.770025
accbc8985,48000,1128000,4800,3235.222,235.00276,19666.562,0.08138468,5431.705,2.3476527,7.203604
fd2ba470d,48000,1132800,4800,2122.6023,972.7081,11030.625,0.073314324,3976.17,3.2994695,13.895241
8475b7f4f,48000,1137600,4800,2009.021,871.94794,10002.5,0.06733241,3734.6963,3.538482,16.045244
8febb1397,48000,1142400,4800,2130.7034,780.5557,12381.562,0.060625132,4122.2485,3.3179317,13.6567545
afe9e45a3,48000,1147200,4800,2224.4307,412.06323,12719.0625,0.066346526,4147.12,3.2839925,13.352848
70e1683e4,48000,1152000,4800,2503.2197,213.60083,14472.187,0.07490163,4295.9385,3.0096607,11.746294
117e6b4aa,48000,1156800,4800,2325.2983,223.32735,10207.8125,0.074818976,3786.934,3.1917505,13.568106
0d22e8948,48000,1161600,4800,2612.5537,219.1944,12552.8125,0.09117063,4038.1987,2.9464674,11.829954
17d97f805,48000,1166400,4800,3028.0347,309.629,17120.938,0.08921548,4605.9175,2.6423957,9.406078
8e8f091d1,48000,1171200,4800,2803.6028,254.15411,12237.8125,0.083109476,4024.9182,2.885976,11.561716
8d493d44f,48000,1176000,4800,2342.5789,366.43765,9766.5625,0.08022237,3646.589,3.080374,13.311304
4b07ca88a,48000,1180800,4800,2596.693,247.45448,11080.3125,0.094321445,3831.2666,2.8326132,11.399302
a0a7e23e9,48000,1185600,4800,2840.9702,275.50714,15161.563,0.09330231,4420.947,2.681971,9.756644
6e62f189c,48000,1190400,4800,3054.1829,241.04639,18019.062,0.099069424,4780.3525,2.5013907,8.440076
dbd0b96e0,48000,1195200,4800,2658.3054,431.4364,15427.813,0.07796037,4450.412,2.817299,10.382651
04123c61f,48000,1200000,4800,2922.4666,211.4436,15893.75,0.08990585,4493.135,2.6681046,9.4866295
f9cc4b005,48000,1204800,4800,2880.7075,248.64821,15811.877,0.08826106,4482.027,2.7168355,9.808918
96cb03508,48000,1209600,4800,3013.776,205.16953,16434.375,0.09445782,4556.9424,2.5827897,9.070783
e81df0050,48000,1214400,4800,2984.8054,222.78505,14285.0,0.10738332,4309.0,2.6141834,9.576382
ed9a12970,48000,1219200,4800,2696.6296,294.9741,12872.188,0.09646275,4145.938,2.810568,10.764828
5ed61750d,48000,1224000,4800,2797.7212,230.57422,13520.9375,0.09495131,4245.81,2.7833178,10.496525
3bca14512,48000,1228800,4800,2594.835,296.19513,12537.8125,0.076021045,4097.498,2.8943498,11.297453
58e79abcc,48000,1233600,4800,2403.2415,522.6269,11279.6875,0.08585298,3946.8875,2.9510374,11.841498
437564eac,48000,1238400,4800,2257.728,522.9802,9422.5,0.08535586,3517.7783,3.0934663,13.400351
ccfaefe3b,48000,1243200,4800,2432.3425,417.46213,10153.75,0.09129119,3713.1267,2.924827,12.106911
cf38142ad,48000,1248000,4800,2409.099,433.65155,10102.1875,0.09120815,3631.3318,2.9276335,12.314675
15c045d1e,48000,1252800,4800,2840.242,337.32947,13819.0625,0.095189296,4328.0415,2.6735487,9.91866
671c0ff84,48000,1257600,4800,2585.1462,615.77844,13571.875,0.08169346,4217.0674,2.8728032,11.19603
c25f58ec6,48000,1262400,4800,2751.411,683.665,16095.627,0.07455653,4504.14,2.744058,10.14014
0da77f57c,48000,1267200,4800,2420.5447,784.7901,10350.9375,0.07987558,3806.0125,3.0426872,12.780663
7f2604b57,48000,1272000,4800,3297.0745,669.9383,18716.562,0.08680146,5148.131,2.3181717,7.4886518
5a0145151,48000,1276800,4800,3255.3486,788.0137,18959.377,0.08755035,5050.7563,2.3618896,7.74306
8a0d84a5b,48000,1281600,4800,3056.8843,504.025,16500.623,0.09231955,4642.6226,2.464738,8.564362
737b0eb7b,48000,1286400,4800,3026.1484,661.0349,16962.812,0.09495425,4740.183,2.4484422,8.371667
c0269f441,48000,1291200,4800,3569.2837,756.9705,19674.062,0.10070593,5472.896,2.1150317,6.3205495
5bad94faf,48000,1296000,4800,3344.7307,596.24585,18823.438,0.10100844,4996.165,2.282287,7.4101157
ae53f730d,48000,1300800,4800,2888.3687,670.99176,16517.188,0.08070935,4623.2344,2.5420613,8.912431
c0f800af5,48000,1305600,4800,3018.3083,748.84216,16157.5,0.08247102,4585.9907,2.4756436,8.705832
12042c1f8,48000,1310400,4800,2899.0393,518.5152,11623.125,0.100359865,3994.4917,2.50297,9.598752
64773417b,48000,1315200,4800,3292.7068,581.2111,15400.625,0.10401736,4567.269,2.3077433,8.066648
2860528f9,48000,1320000,4800,3342.6797,885.81146,19046.25,0.08528089,4880.547,2.285968,7.6540794
648e3df18,48000,1324800,4800,3574.8584,656.92444,19136.877,0.10166046,5001.247,2.1480246,6.978079
bd2777ce4,48000,1329600,4800,2979.746,768.3709,12931.25,0.09696074,4242.2065,2.4239583,9.008734
81fe5c9ea,48000,1334400,4800,2840.5247,735.6441,11075.625,0.102379456,3908.2134,2.41969,9.301977
5279b0916,48000,1339200,4800,2488.2976,782.2128,9173.75,0.09038391,3421.2961,2.47854,10.176092
229df5c93,48000,1344000,4800,2539.8003,887.3704,9172.5,0.09027238,3451.9248,2.5349529,10.54938
1164fd807,48000,1348800,4800,2846.513,593.67053,9942.5,0.09896437,3626.2417,2.3834097,9.553232
c1c3bd5cc,48000,1353600,4800,3137.22,788.0453,13663.125,0.09574894,4369.8027,2.3924303,8.659637
63c24a086,48000,1358400,4800,2925.8088,853.7925,14371.875,0.08303628,4411.388,2.572841,9.430335
eb0170b92,48000,1363200,4800,3373.0674,1027.763,18015.312,0.092320785,4921.189,2.3041964,7.6239557
78cc609b7,48000,1368000,4800,3380.0984,935.29456,16874.062,0.0966865,4759.681,2.290965,7.773833
25497111b,48000,1372800,4800,2903.4766,1041.5465,10861.25,0.08257993,3959.8691,2.5588098,10.110609
bb4e22ed4,48000,1377600,4800,2741.3096,1247.1353,10096.875,0.08298848,3823.0632,2.6530192,10.835612
4cb6b3203,48000,1382400,4800,2581.4912,1456.6217,9521.25,0.07516532,3738.868,2.7164412,11.302603
158b4559f,48000,1387200,4800,2644.5022,1672.6516,10403.125,0.0798348,3878.5562,2.5054543,9.839842
398e3175a,48000,1392000,4800,2678.8167,2089.9736,10324.6875,0.08955419,3805.6143,2.4838533,9.781683
c9a23deea,48000,1396800,4800,3127.211,1449.9727,11492.1875,0.10282964,4173.652,2.230199,8.2747965
58eafbd81,48000,1401600,4800,3356.4797,2026.2683,11297.1875,0.10498934,4217.4717,2.0005744,7.3171735
4c369a610,48000,1406400,4800,3133.398,1294.9464,11721.5625,0.10232521,4185.141,2.2395911,8.313438
168f072b0,48000,1411200,4800,2720.8467,1771.7264,10092.5,0.083049506,3944.0566,2.445919,9.53629
8a727ec74,48000,1416000,4800,2918.4414,2835.7039,13055.0,0.083638266,4390.414,2.4151726,8.853416
8b8ef6aa0,48000,1420800,4800,3112.1824,2361.1033,13754.6875,0.08729616,4476.2065,2.3078008,8.203417
6033708d9,48000,1425600,4800,3098.9639,1950.7511,12293.4375,0.0844152,4348.14,2.2968454,8.407029
1ef4fc678,48000,1430400,4800,3307.2056,2126.6633,15991.875,0.080454595,4618.0254,2.275417,7.9968214
c627d1852,48000,1435200,4800,3172.5876,2122.6372,11016.25,0.07652428,4223.092,2.3589692,8.978553
11bd8533c,48000,1440000,4800,3134.5845,1939.155,9799.375,0.070423104,4099.149,2.4211795,9.460903
fa9492ff5,48000,1444800,4800,2916.1125,2963.4993,12301.875,0.06094026,4293.7456,2.607718,10.007013
79e8a8a87,48000,1449600,4800,2976.8489,3067.6357,10368.75,0.063618615,4196.3623,2.5779893,10.032705
b03ab1fe6,48000,1454400,4800,2702.8691,3247.655,8366.25,0.05716217,3816.401,2.867268,12.240847
428953524,48000,1459200,4800,2592.8733,3446.6724,7948.75,0.06028047,3403.765,2.8591712,13.238402
ef36b36d6,48000,1464000,4800,2332.5461,4577.7573,7571.875,0.04392833,3240.3074,3.1126122,15.155593
f802ecd3d,48000,1468800,4800,2056.892,4248.977,7420.3125,0.040271986,3047.2798,3.2786386,16.727457
097815df6,48000,1473600,4800,2096.6057,4884.55,7472.8125,0.05303219,3021.3562,3.242055,16.45038
b06ef3311,48000,1478400,4800,2279.689,3001.6924,7572.1875,0.04636823,3381.1804,3.1678483,14.998721
06cba15e3,48000,1483200,4800,2284.524,3361.4421,7725.3125,0.04866655,3498.1924,3.1653662,14.683541
b4be1c049,48000,1488000,4800,2089.6848,4339.226,7524.375,0.044592608,3397.965,3.3209667,15.862793
97120b5c9,48000,1492800,4800,2155.8196,3566.8005,7556.875,0.05174275,3218.1326,3.182011,15.477157
f1ce7ae7a,48000,1497600,4800,2331.1125,3764.9,8040.3125,0.055274136,3456.104,3.0215409,13.88843
c90228e2e,48000,1502400,4800,2276.7737,4849.17,7904.6875,0.05595901,3350.62,2.88769,13.324673
b386afdc9,48000,1507200,4800,2554.0874,3639.1992,8137.5,0.05064628,3439.9207,2.5554793,11.429925
f882c6d37,48000,1512000,4800,3443.2092,3660.125,16468.75,0.07251646,4637.7334,2.2365046,7.9640074
bf48dfd69,48000,1516800,4800,2973.648,4092.75,9093.125,0.072673224,3819.355,2.3778071,9.950287
3846f40fa,48000,1521600,4800,3015.4993,3731.3025,9853.125,0.078742266,3989.9824,2.3190038,9.287867
1cffe1a12,48000,1526400,4800,2911.8787,4452.0527,10850.0,0.06609563,4058.2734,2.4421186,9.695544
1b7a570b6,48000,1531200,4800,2530.1326,3876.954,8057.5,0.06443821,3625.08,2.6103106,11.182954
55f278b59,48000,1536000,4800,2341.1438,3333.2505,8478.4375,0.06786456,3639.3743,2.8147147,12.336418
ab85d7fd3,48000,1540800,4800,2606.595,3828.12,11405.3125,0.069354475,4144.7983,2.7450626,10.952384
12b89a028,48000,1545600,4800,2651.845,4150.606,11624.375,0.06568567,4168.9873,2.7438807,10.867829
e8b5e5e7a,48000,1550400,4800,2744.148,2786.2742,13040.625,0.07607023,4306.935,2.6300082,9.992935
807822e9b,48000,1555200,4800,2522.111,3128.488,10834.0625,0.07084866,4021.7,2.7612832,11.1029625
e607a585e,48000,1560000,4800,2416.5613,4444.453,10265.9375,0.0675272,3938.1592,2.857436,11.791607
d326ecc2f,48000,1564800,4800,2609.3762,3257.8965,10736.5625,0.07730516,3941.092,2.6908033,10.862445
6b8a37aa6,48000,1569600,4800,2490.918,4498.423,10319.6875,0.07504261,3830.4617,2.7275004,11.165529
1ce0385ee,48000,1574400,4800,2220.3767,4748.3525,9586.5625,0.07132476,3765.4724,2.8986084,12.140383
af32352e4,48000,1579200,4800,2382.4185,4644.16,11158.4375,0.066381305,3960.2766,2.7672482,10.989096
41f680cbf,48000,1584000,4800,2346.5906,7594.6465,11178.75,0.07785444,3957.4805,2.7382329,10.793331
40f16882b,48000,1588800,4800,2544.0488,11031.967,14103.75,0.08448576,4372.551,2.5973988,9.542752
43382fc99,48000,1593600,4800,2587.7573,6726.8823,12025.3125,0.08557292,4129.54,2.5892093,9.883036
91717b972,48000,1598400,4800,2318.5476,7306.5933,11597.1875,0.07195827,4089.086,2.7950003,11.046853
47a9027e3,48000,1603200,4800,2258.9539,7007.94,10623.75,0.06061264,3868.1892,2.790365,11.357742
ca41a6751,48000,1608000,4800,2396.1338,10791.026,11346.25,0.077209584,3974.165,2.630707,10.34306
d60975d09,48000,1612800,4800,2624.8025,7278.868,11707.8125,0.07515025,3951.8696,2.4142118,9.160486
a838b4cff,48000,1617600,4800,2565.9084,10396.102,12579.0625,0.08080633,4212.151,2.5668688,9.623616
816de7c87,48000,1622400,4800,2441.2954,13071.821,14134.375,0.080017425,4429.2964,2.653764,9.705596
847073550,48000,1627200,4800,2677.9148,6355.425,14183.75,0.0901195,4402.862,2.5195088,9.048875
af195f15e,48000,1632000,4800,2486.1792,7193.276,15080.313,0.07281982,4554.198,2.614921,9.311769
92a1b9fc0,48000,1636800,4800,2815.7996,15112.597,18257.812,0.080290996,5101.4355,2.3680024,7.7269077
f51046ac8,48000,1641600,4800,2825.3943,8541.72,15817.813,0.088739835,4690.797,2.343171,8.020309
03af8f8b8,48000,1646400,4800,2545.651,7907.5957,12746.5625,0.08716859,4226.3867,2.4308264,8.908094
27efd4310,48000,1651200,4800,2246.5105,16275.838,11247.5,0.0804298,3994.272,2.618822,10.0467005
dfcc05e9e,48000,1656000,4800,2123.6877,12193.447,10449.375,0.06205138,3806.1426,2.7428374,10.985794
fdf084159,48000,1660800,4800,2772.112,5993.866,13859.688,0.08019089,4400.071,2.358124,8.474022
4b26103db,48000,1665600,4800,2257.8616,11557.143,12037.1875,0.07326948,4149.9966,2.7408662,10.591608
d5f039fc9,48000,1670400,4800,1935.8021,16633.654,8540.0,0.058310777,3677.8608,3.0585525,13.18743
77a7704d2,48000,1675200,4800,2172.9604,9988.09,11901.875,0.060887095,4170.426,2.8706384,11.230091
d1b2554f7,48000,1680000,4800,1964.085,13458.323,10088.125,0.060585987,3943.4475,3.0660222,12.760563
9e766d361,48000,1684800,4800,2048.573,12423.987,9876.25,0.05781695,3945.2966,3.03075,12.684613
633738b87,48000,1689600,4800,1917.9954,9665.81,8752.5,0.05994489,3637.5767,3.0897987,13.591311
bb9466d22,48000,1694400,4800,2001.1267,8294.709,8698.125,0.061986372,3585.5317,3.0161052,13.323669
4aef76f78,48000,1699200,4800,2007.32,6060.93,8458.75,0.057747435,3499.3184,2.992875,13.420216
a87bea037,48000,1704000,4800,2267.5186,7181.5435,14068.125,0.058505617,4340.719,2.8902576,11.75308
eb1ade135,48000,1708800,4800,2207.6555,13895.372,14305.0,0.05713988,4470.269,2.9018729,11.207306
e6631c834,48000,1713600,4800,2440.4148,11506.816,16360.0,0.06077592,4812.652,2.6581247,9.445324
173a97c24,48000,1718400,4800,2599.5085,7704.317,18290.312,0.06377185,4957.1484,2.528919,8.62118
503b8a4cb,48000,1723200,4800,2347.152,7429.0327,13119.687,0.06029105,4378.046,2.8149242,10.786413
211265224,48000,1728000,4800,1980.6586,8390.241,9201.5625,0.060881387,3826.1072,3.1416903,13.600702
2271990b5,48000,1732800,4800,2063.6287,7309.9834,10433.4375,0.05650772,4011.3171,3.08755,12.980632
ad9dbfdac,48000,1737600,4800,2327.0317,4375.6943,10449.0625,0.061999485,4049.6716,2.858623,11.562661
d0d867ad1,48000,1742400,4800,2167.512,10950.495,11259.688,0.05938912,3963.9417,2.9683816,12.500128
22302f3e7,48000,1747200,4800,2242.2532,8102.3716,12062.8125,0.059978817,4231.426,2.898266,11.400519
1d157815d,48000,1752000,4800,2418.6934,11007.929,15904.063,0.06021193,4569.9927,2.7231688,10.003339
dcf09228f,48000,1756800,4800,2492.6057,6270.3228,15287.5,0.06202417,4518.495,2.7191355,10.181546
bc3010b8f,48000,1761600,4800,2764.5166,5634.6123,15186.875,0.069260426,4707.789,2.5027144,8.987508
d404e17e5,48000,1766400,4800,2599.681,7593.8784,15575.625,0.06339317,4660.8135,2.6001635,9.417198
bd3a4c49b,48000,1771200,4800,2513.705,16239.307,16202.5,0.06585477,4705.763,2.627686,9.445327
e108181e4,48000,1776000,4800,2236.5774,11564.604,8614.6875,0.0628697,3809.7654,2.7829843,11.658534
2dc68e5e1,48000,1780800,4800,2507.4497,3415.8271,8257.1875,0.06596511,3739.9482,2.3371997,9.389234
223fa16ae,48000,1785600,4800,2405.5732,4737.584,7948.75,0.057369232,3504.4692,2.234398,9.11807
6b56434cd,48000,1790400,4800,2044.7794,7811.925,7669.375,0.043310046,3206.659,2.466014,10.672206
0de7c874a,48000,1795200,4800,2148.2039,7376.4033,7758.125,0.05354599,3436.7444,2.6000118,11.256808
23774ea7a,48000,1800000,4800,1774.7667,14287.85,7563.75,0.049623348,3381.765,3.0173714,13.638135
4152cb1c0,48000,1804800,4800,2348.698,6502.3677,8729.375,0.060419414,3765.3083,2.5997388,10.79495
4ebd23da6,48000,1809600,4800,2488.2341,3255.7817,9026.875,0.06620713,3810.1692,2.4871514,10.134381
9ecf1e7c6,48000,1814400,4800,2289.2192,5708.478,8885.625,0.06556475,3849.435,2.6668077,10.919392
3e9715c4d,48000,1819200,4800,2375.942,4284.9155,10128.125,0.065600395,4042.408,2.6705124,10.692736
c159bd61b,48000,1824000,4800,2385.5476,7364.6416,11190.3125,0.06603534,4230.339,2.701222,10.486756
642fa004d,48000,1828800,4800,2069.5881,9773.184,8817.1875,0.06355114,3892.145,2.896007,11.9703
ead2158e0,48000,1833600,4800,2837.7334,2132.9692,14831.25,0.07740228,4500.311,2.4066513,8.642304
06450c8fd,48000,1838400,4800,2913.6912,2286.2224,15828.75,0.07889791,4571.1665,2.4193761,8.642201
5bb0808d4,48000,1843200,4800,2380.3384,4227.5166,13138.437,0.061824962,4261.32,2.744187,10.540642
c4d1aaf32,48000,1848000,4800,2294.7688,2580.555,11916.5625,0.06492045,4178.0176,2.786269,10.738714
489140acc,48000,1852800,4800,2335.7317,5893.3657,12860.625,0.07081732,4254.426,2.7331936,10.365798
a31a70432,48000,1857600,4800,2440.0312,7100.3223,17555.627,0.06715375,4927.769,2.5915604,8.896644
73d566fd3,48000,1862400,4800,2730.957,4880.857,18205.312,0.07760362,4991.4194,2.406143,7.9997134
96db3fcc5,48000,1867200,4800,2753.7588,2922.2478,18230.312,0.08091513,4951.7427,2.398787,8.002212
8f67e966b,48000,1872000,4800,2713.5234,3150.9167,16371.563,0.083348036,4703.2925,2.4707325,8.631044
a0b376001,48000,1876800,4800,2659.3665,4412.2607,17656.562,0.078864224,4913.2515,2.4704695,8.4464245
2e48df7ea,48000,1881600,4800,3624.1416,1649.0352,19021.562,0.10129427,5576.198,1.9252069,5.7213492
e9baac6d8,48000,1886400,4800,2971.461,4119.366,16565.312,0.089060836,4760.321,2.2672684,7.7717075
7331c3a80,48000,1891200,4800,3005.1885,2716.5996,15578.125,0.09192409,4734.5864,2.179478,7.4147673
584886637,48000,1896000,4800,3656.312,1735.6936,19115.0,0.09925477,5487.7734,1.8831563,5.6103816
d7d2aa3ab,48000,1900800,4800,3319.5996,2114.2854,18713.438,0.088182814,5253.7656,1.9976957,6.1684556
644369940,48000,1905600,4800,4067.4834,1607.4552,19040.938,0.10941869,5496.7207,1.6641015,4.8857446
a80008912,48000,1910400,4800,3072.0454,5429.0215,17234.062,0.081240326,4955.3945,2.0579228,6.6081953
855e8122b,48000,1915200,4800,3608.7734,2434.1396,18041.562,0.09542022,5230.723,1.854895,5.7193294
a612b89ab,48000,1920000,4800,3347.2056,3294.83,17153.438,0.09118435,4964.164,1.9419775,6.252037
657210472,48000,1924800,4800,3754.829,1526.8269,15706.562,0.10271178,4738.14,1.6579387,5.495891
88a1daf0c,48000,1929600,4800,3984.3137,1475.099,15380.0,0.10310959,4717.9277,1.524406,5.1884656
7c492956e,48000,1934400,4800,4229.57,1100.9617,17875.0,0.10560497,5082.6333,1.5001153,4.820394
5219c0ce0,48000,1939200,4800,4618.6074,1060.3152,18239.688,0.11444425,5309.2,1.2911179,4.1178126
e969eff44,48000,1944000,4800,4627.737,764.09906,18150.312,0.12033702,5380.206,1.33228,4.1397204
b8197e67a,48000,1948800,4800,3082.9038,2675.411,14399.375,0.08699136,4824.902,1.9771127,6.500455
85db041f4,48000,1953600,4800,3486.461,2540.7651,18043.125,0.0903904,5229.111,1.8360904,5.683728
0c028dbf5,48000,1958400,4800,4621.8184,1617.3044,19001.25,0.1025921,5744.9644,1.2819446,3.743342
24f7d4ee8,48000,1963200,4800,4054.1833,2106.082,17537.5,0.08932948,5254.8325,1.4087056,4.323529
b37c7692f,48000,1968000,4800,4306.4893,2021.3435,18218.438,0.112340495,5443.363,1.3674798,4.107689
b4a3d3798,48000,1972800,4800,5545.9077,1046.2739,19154.062,0.13987304,5903.8115,1.0996376,3.2776523
c8814da68,48000,1977600,4800,5389.963,698.1909,19275.312,0.13321735,6040.694,1.153066,3.3094618
3860f35f9,48000,1982400,4800,5465.67,909.52106,19381.562,0.12336256,6205.7925,1.1355933,3.2071037
a32e4329f,48000,1987200,4800,5333.041,1289.2789,18800.0,0.107131295,5518.152,1.1355557,3.6976538
7744e6d06,48000,1992000,4800,4321.446,1539.0194,17744.375,0.1103114,5284.579,1.4953971,4.6817007
404447b96,48000,1996800,4800,3974.7305,1247.6354,18457.812,0.09752977,5446.23,1.651689,4.898139
c856cc410,48000,2001600,4800,3558.9617,1515.1436,15575.313,0.0999936,4833.5117,1.7317061,5.6196885
8b75b4564,48000,2006400,4800,3996.3984,916.0671,16459.062,0.115928434,4945.19,1.6284637,5.226744
5137cdb6b,48000,2011200,4800,3976.4026,1330.9513,17186.562,0.119800895,5034.0093,1.6538545,5.213317
7e4f5b411,48000,2016000,4800,4186.8315,850.7723,17499.062,0.13189842,5126.5586,1.575424,4.8844614
269aedc14,48000,2020800,4800,3910.2524,870.78595,17498.438,0.12368339,5089.674,1.728219,5.371596
6f48e135f,48000,2025600,4800,4021.4297,630.0892,17604.062,0.118436866,5116.1235,1.6765668,5.2122717
772c59395,48000,2030400,4800,4642.8335,446.76556,17972.188,0.13545914,5171.9556,1.4598063,4.577902
ce3c307ae,48000,2035200,4800,4830.0693,456.06073,17800.0,0.14005691,5212.35,1.3463767,4.240263
d658ca980,48000,2040000,4800,5011.2617,370.50217,18598.125,0.15468378,5572.228,1.2614462,3.77356
0a734cc17,48000,2044800,4800,4900.1016,311.3952,18836.875,0.1551628,5809.961,1.2757045,3.5947704
83d57e6be,48000,2049600,4800,4930.2393,277.49557,18357.5,0.1332793,5420.2397,1.2883976,3.9631336
9b6d33b73,48000,2054400,4800,4834.1265,325.31265,18659.375,0.14523315,5542.342,1.3406034,3.9579785
58e075523,48000,2059200,4800,5287.209,339.34137,19202.5,0.14875264,5618.666,1.2183772,3.686071
519960156,48000,2064000,4800,5336.078,383.10428,18712.812,0.13895823,5466.23,1.1763963,3.7309148
9dec6a7a5,48000,2068800,4800,4881.172,332.2888,18897.812,0.14830482,5677.2114,1.327103,3.8363175
839437a9e,48000,2073600,4800,4514.8276,331.28052,17731.25,0.14779656,5318.6084,1.4262471,4.268976
b237bfbd0,48000,2078400,4800,4702.3765,329.36923,18488.75,0.15243635,5561.4893,1.3716129,4.0015545
f3fa64696,48000,2083200,4800,4916.1265,290.08017,19005.0,0.15114728,5664.864,1.3233349,3.8787415
f4b755092,48000,2088000,4800,4978.805,362.17407,19317.5,0.14913924,5899.5034,1.3211298,3.6876562
b3fe09bb6,48000,2092800,4800,4624.2285,271.86615,18333.125,0.1477198,5604.4043,1.458436,4.161765
f65287466,48000,2097600,4800,4729.1357,326.68698,18463.125,0.15728626,5701.7773,1.4104861,3.9477775
55a74d141,48000,2102400,4800,4816.03,298.87393,19143.125,0.14973737,5831.5527,1.3683822,3.855045
939a38798,48000,2107200,4800,4796.3184,220.91225,19425.625,0.14285854,5821.5674,1.4049976,3.9519854
ca0b19a5c,48000,2112000,4800,5072.7456,325.27115,19153.125,0.1485344,6391.954,1.281937,3.3135827
b3ca1711a,48000,2116800,4800,5325.76,187.31511,19629.375,0.15456177,6749.3325,1.1704141,2.8501246
7c77c63a0,48000,2121600,4800,5213.0474,184.03851,19570.312,0.16309497,6685.6147,1.1597562,2.8183374
6b0b43494,48000,2126400,4800,4675.8423,877.5425,18630.938,0.15313478,5583.6875,1.4677259,4.159794
8dc0d29d0,48000,2131200,4800,6043.686,3599.8525,16381.875,0.17793867,4660.6313,1.0476549,3.6029606
22a8845c3,48000,2136000,4800,6577.453,2897.6826,16843.125,0.19256487,4865.172,0.8099665,3.0440593
54534dc4d,48000,2140800,4800,6683.814,1775.0962,17115.312,0.20603341,5066.175,0.7432451,2.7829802
0c5b12bde,48000,2145600,4800,6766.696,920.3856,17858.438,0.22090812,5299.385,0.7851242,2.786809
b7a3d380f,48000,2150400,4800,6565.495,507.84604,18316.25,0.2255057,5441.901,0.8479445,2.8627415
bcf2a3d64,48000,2155200,4800,6362.7354,286.39218,18430.0,0.22837323,5596.2324,0.8725531,2.8261828
e73a8c435,48000,2160000,4800,6258.3794,216.05597,18910.312,0.22944455,5944.5776,0.8797526,2.6662307
909ab9869,48000,2164800,4800,5052.198,202.76324,18923.438,0.19803295,5789.1606,1.2293485,3.4595516
a693ac832,48000,2169600,4800,4516.094,165.98575,19297.812,0.17495051,5915.145,1.4382764,3.9029207
ebe35aef2,48000,2174400,4800,4171.8613,159.82056,19474.062,0.16236956,5821.053,1.6024266,4.39733
f45ec9eab,48000,2179200,4800,4265.49,170.99846,19665.627,0.14945404,6076.3154,1.6060052,4.307041
2f3a83155,48000,2184000,4800,4632.455,164.13837,19687.5,0.14619693,6475.729,1.4630693,3.7041626
eb6632b9d,48000,2188800,4800,4837.311,129.91428,19690.0,0.12447559,6712.6123,1.4147363,3.4813118
1433720b7,48000,2193600,4800,4666.7354,197.07896,19687.5,0.13026853,6663.0093,1.4418445,3.5576994
80d18f778,48000,2198400,4800,5477.573,156.59036,19690.0,0.13370067,7131.1885,1.1933364,2.8034637
a355f455c,48000,2203200,4800,4599.433,151.9683,19690.0,0.10430455,6785.8906,1.504493,3.6513476
0bbdd4e5b,48000,2208000,4800,3970.7517,174.07613,19685.0,0.115553714,6161.942,1.7740045,4.7413125
bb45be499,48000,2212800,4800,4435.2515,116.98167,19625.0,0.117520295,5723.2554,1.7324528,4.976024
e70eefffa,48000,2217600,4800,5171.074,132.7829,19687.5,0.13626035,6364.1895,1.3970056,3.612189
618f359ed,48000,2222400,4800,5153.7144,221.38078,18962.5,0.1788178,5762.4165,1.3072104,3.6701293
63a2e5104,48000,2227200,4800,4835.8726,183.52435,19685.0,0.14678162,6221.934,1.4809495,3.8915296
3b9f3adbd,48000,2232000,4800,5116.5073,141.18228,19687.5,0.1410466,6717.1997,1.3498019,3.2967684
1283593e5,48000,2236800,4800,4279.026,142.87183,19684.688,0.122620724,6008.2266,1.7166162,4.639729
e6ef8359b,48000,2241600,4800,4632.835,113.46081,19687.812,0.13249317,6349.449,1.5616971,4.051227
1c5ceae07,48000,2246400,4800,5385.5615,128.61986,19690.0,0.16404654,6845.7534,1.2191767,3.0108857
4db6757be,48000,2251200,4800,4066.0059,144.57979,19164.375,0.16189283,5731.9727,1.6410112,4.5353174
3531c3846,48000,2256000,4800,4163.97,99.47047,19674.062,0.14393157,6032.098,1.6779251,4.5320244
4259e58dc,48000,2260800,4800,4877.9907,105.3233,19686.562,0.15648144,6560.14,1.381437,3.469157
c7d015083,48000,2265600,4800,4287.4556,130.3206,19642.5,0.14414513,6171.1147,1.5942094,4.2127395
551ade326,48000,2270400,4800,4205.472,193.27089,19603.125,0.13013235,6042.4424,1.6965982,4.653637
8ae1c9e86,48000,2275200,4800,3429.3545,516.8937,18770.625,0.09218477,5543.247,2.0538046,6.1997533
85873bb98,48000,2280000,4800,3102.5144,709.3253,18648.75,0.10617504,5105.1577,2.226981,7.113202
2772a16f0,48000,2284800,4800,3537.9333,663.32056,19620.0,0.11809401,5618.8926,1.9507092,5.7172728
3452f1f01,48000,2289600,4800,3446.3809,1730.8292,15177.5,0.116745666,4778.8857,2.0277576,7.0644865
3f6290537,48000,2294400,4800,2958.816,1736.1742,15046.25,0.10948288,4723.164,2.2471492,7.6879077
c7ed98a8a,48000,2299200,4800,3592.8716,919.11487,17921.25,0.11990265,4993.56,2.0327275,6.5292506
e2c9fdb3c,48000,2304000,4800,3098.2095,1230.5986,17282.5,0.09870582,4823.986,2.294166,7.691527
6a6f93800,48000,2308800,4800,3568.6526,697.2463,19482.5,0.11716671,5632.3535,1.9328536,5.5912547
b8746eb86,48000,2313600,4800,3167.2463,771.4934,17342.188,0.11848439,5108.5874,2.1246126,6.693388
6d435571c,48000,2318400,4800,3336.5186,433.64233,18101.562,0.12736267,5192.728,2.0491176,6.2855144
e4641fa13,48000,2323200,4800,3086.5322,735.8542,17069.375,0.12165564,4944.4634,2.1989014,7.0265145
7ceb035e8,48000,2328000,4800,3712.6104,679.4119,18430.625,0.1322352,5403.7866,1.8640637,5.5359445
0595020ec,48000,2332800,4800,4092.9807,322.99365,19582.188,0.14004634,6010.218,1.6383773,4.4339266
bb817d343,48000,2337600,4800,3890.7834,293.89142,19679.062,0.11257634,6004.635,1.7794083,4.7987933
738451cf7,48000,2342400,4800,4238.925,248.0519,19360.0,0.14640447,5959.9683,1.6039578,4.3319206
d54fd42ea,48000,2347200,4800,4389.027,217.1642,19133.125,0.15604424,6076.5703,1.5504931,4.164265
a671e1edc,48000,2352000,4800,5191.8877,177.8045,19358.438,0.1842922,6374.9175,1.2398914,3.2693932
5b58cdc12,48000,2356800,4800,5027.289,260.4732,19593.438,0.17886575,6103.648,1.3093015,3.5905929
2ddc3945c,48000,2361600,4800,4664.8955,202.74065,19677.5,0.15563822,6405.71,1.4434991,3.6924927
7878c5e92,48000,2366400,4800,4306.0786,181.23523,19665.0,0.15100208,6170.2773,1.57217,4.135191
f8bf85bbc,48000,2371200,4800,3496.7542,219.21214,18895.938,0.13302913,5503.428,1.953936,5.700122
b83a22f54,48000,2376000,4800,3932.453,257.65854,18721.562,0.13743266,5707.8984,1.8576344,5.4125485
d8d4c39f2,48000,2380800,4800,3806.5642,304.02014,19290.0,0.13836944,5658.6533,1.8637742,5.3246675
46bccb979,48000,2385600,4800,4825.015,194.78542,19622.5,0.16884938,6317.906,1.3648983,3.54569
2a46f9298,48000,2390400,4800,4338.214,170.79729,19426.562,0.15331975,6075.698,1.566641,4.187995
f36aaf426,48000,2395200,4800,3856.293,238.29529,19459.688,0.14656089,5796.101,1.7453121,4.807731
74cc5764e,48000,2400000,4800,4569.2734,199.10823,19686.25,0.14707874,6449.7173,1.491029,3.8026302
e9ab5e0b5,48000,2404800,4800,5164.0874,254.13188,19687.5,0.15492077,6896.705,1.2376243,2.985046
1d48bd0a8,48000,2409600,4800,5087.856,234.17,19692.5,0.14569964,6937.4385,1.2646191,3.0521262
d6f2aeb6b,48000,2414400,4800,3862.6821,526.76373,19462.5,0.12507778,5709.596,1.8620718,5.390557
e6d279b3c,48000,2419200,4800,3540.3672,259.37085,19044.062,0.12584846,5284.817,2.044843,6.2142015
985f389f9,48000,2424000,4800,4849.9087,167.31094,19547.812,0.17935954,6224.092,1.3257228,3.4206486
9f27eadc9,48000,2428800,4800,5251.945,185.38219,19470.625,0.18324324,6480.4995,1.1308073,2.8901684
ec3a06eec,48000,2433600,4800,5181.1724,236.2082,19462.5,0.17838083,6299.0864,1.2199636,3.181882
9dbd00bd7,48000,2438400,4800,4784.934,237.34656,19037.812,0.17496954,6030.094,1.321579,3.4991655
2916b81af,48000,2443200,4800,4789.318,131.04358,19027.188,0.18350334,6021.0356,1.3108522,3.4654784
8df85bdd7,48000,2448000,4800,5328.3535,166.22697,19017.812,0.20080574,6099.535,1.0918976,2.9700975
1d496b0e6,48000,2452800,4800,4051.3608,714.2069,16614.688,0.14915124,5039.5327,1.8190503,6.0244384
e4196eec3,48000,2457600,4800,3722.2205,377.5837,18069.688,0.14009501,5456.1577,1.8470508,5.434934
8ab74712f,48000,2462400,4800,5254.24,190.37164,18934.062,0.2075072,5853.052,1.2189236,3.4570773
a4efbbda8,48000,2467200,4800,5505.196,124.12773,19173.438,0.22059067,6093.7744,1.1219949,3.0858254
dea2ebee0,48000,2472000,4800,4178.885,113.26305,19056.562,0.17316155,5815.8364,1.5893966,4.374939
bc739a225,48000,2476800,4800,4294.928,104.372604,19460.0,0.17210107,5871.794,1.5793072,4.319817
927ac6dbb,48000,2481600,4800,3897.595,123.429245,17556.875,0.16996713,5214.174,1.6916872,5.0966873
ef195531b,48000,2486400,4800,4205.4434,307.28665,19174.375,0.16677713,5715.88,1.6729275,4.9207845
2fa4713b3,48000,2491200,4800,3506.1792,427.34097,18102.5,0.14136408,5357.855,1.9336613,5.934407
f3edb4643,48000,2496000,4800,3373.5837,180.18999,17150.0,0.14014874,4918.426,2.086391,6.6973934
6c40ac5cb,48000,2500800,4800,3877.58,136.10516,18336.877,0.16198997,5378.034,1.7458085,5.13683
cd8db0e9e,48000,2505600,4800,4955.4014,222.8761,18655.938,0.20499988,5713.353,1.3089021,3.626831
7ce819a2b,48000,2510400,4800,4507.2627,153.06581,18490.938,0.17790563,5516.5938,1.5927093,4.638939
bd168b549,48000,2515200,4800,4474.5493,349.00665,17583.127,0.18150575,5121.9326,1.5595703,4.8321576
664df93da,48000,2520000,4800,6237.2783,6154.9497,18297.5,0.18926466,5616.4424,0.96895194,2.9944258
808506a51,48000,2524800,4800,4933.7856,2472.272,16607.812,0.16987956,5027.5796,1.3803252,4.2565584
687e50ec7,48000,2529600,4800,5588.7114,12376.802,18047.812,0.17405222,5501.1416,1.1654629,3.3587513
9696a9ef0,48000,2534400,4800,5301.464,3445.686,18587.5,0.2020946,5667.7856,1.2031555,3.5165243
47e64679e,48000,2539200,4800,4761.28,215.11963,17775.625,0.18709199,5076.026,1.493937,4.640577
104482c82,48000,2544000,4800,4257.1978,177.12808,18420.312,0.18340924,5412.171,1.5272003,4.4988394
aacc65a26,48000,2548800,4800,4516.1724,124.81865,19329.062,0.17111489,5905.7676,1.5607542,4.289544
66b3b1cfb,48000,2553600,4800,3978.549,144.55667,19506.25,0.1472432,5912.9253,1.7681167,4.9279013
513b44282,48000,2558400,4800,3330.3076,126.51659,18417.5,0.13123998,5140.977,2.129576,6.7619658
c8064ef4a,48000,2563200,4800,3410.1292,94.22083,18934.688,0.13899666,5226.5674,2.0854845,6.4593196
128a638d3,48000,2568000,4800,3870.0896,64.993256,19284.062,0.15712465,5743.0054,1.7987069,5.0382643
15df76587,48000,2572800,4800,3336.086,85.92325,18473.438,0.14189902,5154.769,2.0735168,6.410419
5bcd6f927,48000,2577600,4800,2910.5195,89.07243,16521.562,0.12793915,4765.296,2.3166406,7.7180014
225b67521,48000,2582400,4800,3887.2983,73.731415,18657.188,0.16467448,5675.7734,1.7644081,4.9689455
b0975607e,48000,2587200,4800,3012.4846,293.10974,16215.313,0.1310216,4856.3135,2.262536,7.576887
3522be690,48000,2592000,4800,4418.2754,83.689575,18325.0,0.19844182,5466.8413,1.48443,4.2943454
dc1cd32d8,48000,2596800,4800,4383.907,86.854515,18927.5,0.18859108,5651.5654,1.5470053,4.3808475
09e63158f,48000,2601600,4800,4724.981,132.32231,17835.312,0.20479438,5515.53,1.3262473,3.820435
0de05c890,48000,2606400,4800,4585.6206,159.25703,16927.188,0.20143245,5175.1167,1.346802,4.035945
d859b91c6,48000,2611200,4800,4538.879,109.45966,17322.5,0.20160456,5224.192,1.4151933,4.2218113
93ce05449,48000,2616000,4800,4466.6406,222.30705,16628.75,0.18649101,4958.841,1.4681913,4.5764403
f83b81f2d,48000,2620800,4800,4245.6436,198.85762,16976.25,0.18131095,5028.8066,1.5753089,4.8016896
5838229f6,48000,2625600,4800,5095.6865,198.68651,17042.5,0.2017079,5064.4937,1.2357209,3.9412484
9824132fb,48000,2630400,4800,5176.432,260.20218,17449.062,0.20094581,5184.3823,1.2061195,3.7520561
41d6eabc8,48000,2635200,4800,4952.191,287.8552,17249.062,0.20015451,5185.665,1.313057,3.965328
d8aadad15,48000,2640000,4800,4809.2305,1337.0493,16164.688,0.18303996,4896.935,1.2879783,4.094083
88fde41f6,48000,2644800,4800,5104.0615,316.9587,15872.187,0.19432801,4770.589,1.1991093,3.975681
22eed7050,48000,2649600,4800,5092.222,364.9813,16591.25,0.19123705,4850.9688,1.2654107,4.1337185
83098d56d,48000,2654400,4800,4385.687,216.34131,16180.625,0.18937643,4974.3423,1.43902,4.3699493
5074d7e35,48000,2659200,4800,4597.025,187.364,16602.188,0.19866605,5025.936,1.3965176,4.2605853
a53769a4b,48000,2664000,4800,4526.399,141.48169,16920.938,0.19399488,5066.584,1.4306303,4.3801904
c3cfe633c,48000,2668800,4800,4793.6104,234.09927,16433.75,0.19794415,4912.828,1.3847638,4.2975764
371e72f2d,48000,2673600,4800,4433.494,273.00906,15731.875,0.18629064,4830.805,1.4481812,4.549026
af9a4dfc9,48000,2678400,4800,4549.906,562.1604,16486.25,0.18257764,4957.57,1.4093646,4.371159
ae2455fd4,48000,2683200,4800,4911.7275,328.83762,17785.623,0.19831116,5398.763,1.304967,3.7594829
f6837d307,48000,2688000,4800,4142.743,189.63805,17715.312,0.18133456,5308.5376,1.6042545,4.7600193
d105d0778,48000,2692800,4800,3506.41,159.44159,17968.438,0.1465522,5232.8276,1.9397278,5.89889
a93e84afe,48000,2697600,4800,3978.6304,134.53786,19119.688,0.1649203,5612.21,1.7003423,4.857986
03f7fef82,48000,2702400,4800,3478.1638,170.10927,17187.812,0.15435155,5095.345,1.8814412,5.7907586
917cd4326,48000,2707200,4800,3653.2917,119.378136,16678.438,0.16985828,5015.178,1.7879976,5.5378428
790b68fc8,48000,2712000,4800,4779.928,116.257996,17402.812,0.20690209,5363.106,1.2966369,3.8518767
3a490e397,48000,2716800,4800,3285.708,141.4678,15950.625,0.15193178,4787.4985,2.0405,6.5737844
b1ec4bb82,48000,2721600,4800,3864.4612,178.1236,17306.877,0.17295183,5183.7515,1.694148,5.05046
8c1b7e7d0,48000,2726400,4800,4104.6787,172.47466,15800.625,0.18058434,4815.9424,1.6013831,4.9300523
0f3c521a5,48000,2731200,4800,4041.765,268.22552,15290.0,0.16872206,4659.899,1.6885358,5.3773727
29235e8f6,48000,2736000,4800,4325.5884,229.14406,16264.375,0.18387714,4955.2,1.5257739,4.6383047
573ec8122,48000,2740800,4800,5006.97,209.92595,17492.5,0.2072547,5284.2324,1.2749858,3.7599194
a8696e623,48000,2745600,4800,5392.615,490.37115,16024.687,0.19706528,4819.341,1.1349276,3.6924548
b51d1973b,48000,2750400,4800,5977.2793,398.13736,17277.812,0.21935827,5211.4434,0.9432822,3.1008167
4c0704572,48000,2755200,4800,4438.4917,319.1946,16345.938,0.18864207,5161.3657,1.415129,4.262952
94fab4e5b,48000,2760000,4800,3755.7837,274.24033,15554.063,0.17068689,4862.9067,1.6617926,5.155697
cdb363f8c,48000,2764800,4800,5255.746,173.86768,17323.123,0.21787621,5407.975,1.111419,3.318052
a972afa87,48000,2769600,4800,5804.484,273.69327,16932.5,0.21387345,5046.7275,0.97372,3.3305993
2ec687a5d,48000,2774400,4800,5562.4297,628.00964,16295.313,0.19187172,4639.8193,1.2147899,4.101114
1a07a8b87,48000,2779200,4800,4502.7573,10137.788,14265.312,0.15120319,4446.4497,1.4483017,4.9652333
288e631bd,48000,2784000,4800,4742.224,7284.59,15814.375,0.14897212,4833.683,1.2545401,4.132806
8f1d56adb,48000,2788800,4800,5056.401,9101.1045,15925.0,0.1604691,4859.1953,1.2479213,4.061671
2c1a6c839,48000,2793600,4800,3881.9988,9017.914,15035.627,0.13104004,4617.829,1.7579834,5.7120886
5752cc290,48000,2798400,4800,2230.4216,10994.278,7406.25,0.05490382,2871.2224,2.7077088,12.242651
f14c896d4,48000,2803200,4800,2507.4224,11980.563,7794.0625,0.06484817,2816.1704,2.5998917,11.973512
755422f9f,48000,2808000,4800,2826.1028,14536.724,10580.9375,0.09037982,3540.3857,2.2924697,9.078452
123671955,48000,2812800,4800,4054.2942,16355.347,13548.125,0.12231974,4082.9084,1.7283939,6.086014
9d2da1a00,48000,2817600,4800,5787.8936,8466.295,16495.625,0.16648746,4639.047,1.2435173,4.170956
afd07608f,48000,2822400,4800,4839.9473,2226.6357,12534.0625,0.14562406,3922.7554,1.3725189,5.2401195
c1d7ccea2,48000,2827200,4800,4330.6064,5063.5864,13212.812,0.14849451,4282.5513,1.3408662,4.7244515
48eea95e7,48000,2832000,4800,5188.949,498.87823,16523.438,0.19883429,4982.7515,1.14173,3.7087622
2a9337f25,48000,2836800,4800,4088.755,800.6344,14175.937,0.16517323,4509.7544,1.6111443,5.549293
a921cbfa0,48000,2841600,4800,4563.0884,181.97446,15928.75,0.19913414,4990.507,1.319338,4.1112285
4013e599b,48000,2846400,4800,4240.1377,1115.2227,14395.0,0.17059943,4524.3423,1.5354147,5.1561985
515065e85,48000,2851200,4800,4165.6733,5671.5996,14608.75,0.14535403,4680.6924,1.4982381,4.8628583
6ab19b755,48000,2856000,4800,5608.4487,2124.2275,16596.25,0.18445428,4960.634,1.0491905,3.5313046
08923375b,48000,2860800,4800,4282.7573,1365.809,15066.875,0.16645913,4617.95,1.4587212,4.6902275
ea50fb180,48000,2865600,4800,4132.6123,1859.9377,14430.0,0.1520631,4554.162,1.5133731,5.0820713
12c3723cf,48000,2870400,4800,4146.648,1527.0492,12794.063,0.13746446,4067.8325,1.4881624,5.367807
9a8a7221a,48000,2875200,4800,3780.908,842.20166,12165.3125,0.14080401,3985.7017,1.7580017,6.544358
d21f95f1a,48000,2880000,4800,4314.22,220.72803,15348.125,0.18525746,4808.829,1.3861268,4.4038033
0383276dd,48000,2884800,4800,5771.5723,139.92642,17643.75,0.23655894,5496.4688,0.94069386,2.9834588
5ed4efa42,48000,2889600,4800,5757.9873,184.84631,17088.438,0.23059748,5315.855,0.89696604,2.926852
bb64ae904,48000,2894400,4800,5789.5845,159.46075,17517.188,0.22882085,5490.274,0.91865355,2.90833
c6c841a56,48000,2899200,4800,4656.4443,382.33047,16249.375,0.19938095,5064.9307,1.2580476,3.9036584
313e18aae,48000,2904000,4800,4957.177,226.28622,16968.125,0.21219358,5394.15,1.0992434,3.2834308
22d93367c,48000,2908800,4800,4982.4,148.37247,16096.877,0.21299067,5197.948,1.0841092,3.3689399
8b9696e33,48000,2913600,4800,4336.5625,145.72742,15243.125,0.19712543,4840.672,1.337129,4.167294
38a8f9ea5,48000,2918400,4800,4447.827,175.49536,15562.5,0.19413067,4950.209,1.2753655,3.9618065
9e6a869d3,48000,2923200,4800,4749.2197,146.7935,16324.375,0.20821896,5114.6216,1.2038758,3.6845598
3358c4ee9,48000,2928000,4800,4411.0117,118.40225,15519.062,0.1956231,4882.764,1.3645606,4.21464
cea2c922c,48000,2932800,4800,4273.659,169.76341,15167.813,0.18874004,4794.601,1.4039783,4.4171133
92386912b,48000,2937600,4800,4102.5537,169.87065,14762.5,0.18232356,4754.041,1.4102952,4.458745
4ec10636a,48000,2942400,4800,3905.6555,97.25319,15643.75,0.18280329,4870.5215,1.5979923,4.9866185
27b8358e9,48000,2947200,4800,3760.38,166.46568,15845.0,0.17469546,4928.243,1.6748041,5.190488
3673a9007,48000,2952000,4800,3954.6467,168.81921,15760.0,0.17657176,4903.8955,1.583005,4.8964496
be80a2d4d,48000,2956800,4800,4189.4424,115.861786,15306.875,0.18937272,4836.7163,1.4469521,4.498795
00aa2691c,48000,2961600,4800,4170.287,107.007034,15656.875,0.19000845,4872.172,1.45412,4.4884934
fb1c77e57,48000,2966400,4800,4101.199,187.3152,14670.0,0.18298694,4668.354,1.4661342,4.6237216
4c8c29f0d,48000,2971200,4800,4233.514,207.97888,15221.25,0.18429804,4731.211,1.4332851,4.539426
8f68b1bac,48000,2976000,4800,4376.4873,169.75653,15106.875,0.18432337,4588.664,1.450421,4.754576
882b3a4ac,48000,2980800,4800,3831.9475,176.67653,14574.375,0.1735313,4614.655,1.6046572,5.204289
319765b43,48000,2985600,4800,3210.89,138.16508,13919.6875,0.1520185,4512.733,1.9592031,6.4981427
0ac5d8c00,48000,2990400,4800,3441.7542,87.20293,14209.063,0.15797254,4522.164,1.9324886,6.3861737
7fb0a7209,48000,2995200,4800,4037.4358,107.25032,16122.813,0.18916178,5016.317,1.5773818,4.8006535
e76ec7e64,48000,3000000,4800,3950.721,121.62331,16221.562,0.18554945,5034.001,1.5915924,4.821273
06c45dfa9,48000,3004800,4800,3154.7163,453.8011,14812.188,0.1473193,4710.966,2.0500472,6.740828
30e8f25af,48000,3009600,4800,4282.942,86.9138,16200.937,0.19368073,5379.879,1.4311458,4.211832
c5986d5cc,48000,3014400,4800,4054.832,124.13574,17008.438,0.18499471,5524.229,1.528194,4.286593
beef80a73,48000,3019200,4800,3131.5046,109.33844,15207.188,0.15269585,4711.106,2.0117123,6.322046
4dd9c3d3a,48000,3024000,4800,3061.9854,100.06587,14679.688,0.15112422,4625.0356,2.0475929,6.603073
0eeabb0a5,48000,3028800,4800,3338.4675,95.048676,15642.187,0.14780548,4723.0986,2.0019715,6.4253407
77ae01e60,48000,3033600,4800,3159.8877,112.71387,15236.875,0.15461206,4732.6616,1.9470817,6.051814
04ebc335d,48000,3038400,4800,3704.2566,126.68461,15162.5,0.1751426,4833.2983,1.5964658,4.736979
c55c67a1e,48000,3043200,4800,2845.058,158.78741,12780.625,0.14207515,4245.5913,2.0966043,7.099796
b33f1d808,48000,3048000,4800,3063.7446,150.87248,13837.5,0.15071006,4516.5415,1.9811324,6.483971
82b943824,48000,3052800,4800,3645.4954,76.56116,15493.438,0.17790107,4892.925,1.6311927,4.915207
b1ce99102,48000,3057600,4800,3948.651,107.514694,15360.937,0.1846137,4897.53,1.4942138,4.517696
10084d7b3,48000,3062400,4800,4328.006,156.46124,16075.312,0.19399281,5122.0674,1.29968,3.873634
e39f95134,48000,3067200,4800,5550.086,188.85172,16420.312,0.21935295,5183.4995,0.8458721,2.9650342
a6119593e,48000,3072000,4800,5676.3135,160.18385,17350.938,0.23039182,5428.0,0.8917822,2.921357
1fb113936,48000,3076800,4800,7758.274,166.78404,18980.312,0.26197,6107.135,0.5046421,2.105457
e7928e15a,48000,3081600,4800,6616.6284,226.08269,18463.438,0.23718363,5786.797,0.77220446,2.6027188
8160b6349,48000,3086400,4800,5324.4697,376.9579,17927.812,0.2178835,5538.07,1.1409684,3.357875
f714f8611,48000,3091200,4800,4356.1235,164.84651,17150.312,0.19019395,5166.0864,1.4708992,4.4409237
366a42b09,48000,3096000,4800,3956.3875,237.37672,15504.063,0.17527512,4843.771,1.6070879,4.962405
b443d6306,48000,3100800,4800,3774.2954,143.7137,14553.125,0.17036486,4593.317,1.7254765,5.6539955
a6ac873b6,48000,3105600,4800,3221.401,297.4747,12232.5,0.13218686,4061.1533,2.131098,7.695436
496230242,48000,3110400,4800,3837.6067,215.8505,12879.6875,0.16047363,4278.882,1.593982,5.5518994
99ab9e795,48000,3115200,4800,3562.2642,220.94609,13651.5625,0.15354776,4519.409,1.6994232,5.663617
fc43e5c54,48000,3120000,4800,3666.9475,211.40614,14514.688,0.16076149,4617.344,1.7551647,5.7697244
31b7fd8e2,48000,3124800,4800,3395.0571,333.51675,12810.3125,0.14566964,4285.957,1.8505237,6.2821007
ba0e9a6fa,48000,3129600,4800,2696.7236,963.47107,11536.875,0.11922441,4073.9358,2.2187586,8.00116
06b4df455,48000,3134400,4800,2983.2554,576.14557,12347.5,0.1296847,4222.4966,2.0553296,7.089808
36581b384,48000,3139200,4800,3099.0552,823.56586,13244.6875,0.12835495,4458.365,1.8789057,6.101381
a8d4b0d92,48000,3144000,4800,3470.3914,609.2569,13462.1875,0.15293294,4543.988,1.6769797,5.360402
b13f22d2f,48000,3148800,4800,3414.4038,260.48907,13626.563,0.14998677,4542.315,1.7426553,5.5700903
a7883afe1,48000,3153600,4800,3415.3809,528.66376,13990.313,0.14552285,4526.0225,1.865474,6.077243
c9c5e38fc,48000,3158400,4800,3072.5278,936.8979,13788.4375,0.13248248,4530.104,1.9463086,6.3973002
3b9345a2b,48000,3163200,4800,2928.2253,2086.0867,12750.9375,0.12667792,4318.4775,1.9907727,6.7704973
de32c04b3,48000,3168000,4800,2348.5745,1703.9205,12095.625,0.10536048,4151.5317,2.3504052,8.29373
57199c490,48000,3172800,4800,3658.275,1193.7489,15858.127,0.15802422,5109.469,1.6639851,5.104052
2be911697,48000,3177600,4800,3503.6558,947.62836,14356.25,0.15085416,4669.4614,1.6677848,5.272282
f609d33a5,48000,3182400,4800,3235.88,917.6503,13098.75,0.13818665,4367.1787,1.8319576,6.0956016
c55d4e778,48000,3187200,4800,4174.3765,1169.6058,17427.188,0.14053631,5557.3765,1.5998473,4.6250057
81fd0cbf3,48000,3192000,4800,2843.598,18647.332,14395.313,0.08413803,4799.847,2.3519292,8.523907
ab0a03bf0,48000,3196800,4800,1664.3649,22733.191,7577.8125,0.056741893,2942.809,2.9161665,13.441222
4f879114e,48000,3201600,4800,2167.9958,4608.85,9643.4375,0.08662821,3600.3704,2.5096595,9.928008
49f9d27f4,48000,3206400,4800,3116.5276,1294.2914,13427.501,0.13317885,4436.959,1.8932076,6.2684894
57ef878d0,48000,3211200,4800,5047.1406,272.9785,17070.0,0.20724471,5342.8794,1.1388154,3.4513712
2d5bc2fe6,48000,3216000,4800,5109.8594,294.27124,17176.875,0.20801163,5328.9175,1.1122385,3.396229
f3c4f843e,48000,3220800,4800,4489.8867,409.0771,16711.875,0.18351677,5218.634,1.2800852,3.8083134
d69280783,48000,3225600,4800,5174.1226,258.31906,17594.062,0.20279726,5478.374,1.1045092,3.2779002
903d916e1,48000,3230400,4800,4943.929,192.76476,17354.062,0.20367058,5388.9194,1.2066673,3.524117
051d17329,48000,3235200,4800,3887.1292,198.05727,16213.437,0.16931722,5029.803,1.5951864,4.690521
c71d7fb0d,48000,3240000,4800,4668.308,249.7749,17109.688,0.19123472,5355.524,1.2910391,3.746368
9da0a8f0e,48000,3244800,4800,5534.661,149.92342,17965.0,0.23190293,5767.8984,0.9579547,2.8481226
1af017dea,48000,3249600,4800,4487.2866,119.82602,16936.875,0.19759203,5184.07,1.3562274,4.0484724
cbe12a7aa,48000,3254400,4800,5089.496,83.98243,17570.625,0.2242391,5496.42,1.1539439,3.3976448
f46a09b15,48000,3259200,4800,4775.8027,115.01961,17433.75,0.21508713,5559.753,1.2092544,3.423231
451076a68,48000,3264000,4800,4038.848,118.82687,15783.437,0.18990146,4995.6177,1.4264202,4.317754
00ae8dd21,48000,3268800,4800,3925.1467,92.302124,14980.313,0.18306851,4821.488,1.4604553,4.6193337
a9b429c24,48000,3273600,4800,3489.0037,108.556145,14696.25,0.17215715,4751.735,1.6670883,5.160807
aea29f1d6,48000,3278400,4800,2616.6562,111.67838,10871.25,0.12817487,3962.7688,2.1644979,7.7317677
173dfa3e1,48000,3283200,4800,3084.7393,116.385574,12782.5,0.14636295,4448.0396,2.0173833,7.120616
11a132e40,48000,3288000,4800,5129.5215,86.88324,16841.877,0.21754362,5195.677,1.1645805,3.5990877
bea83fd7d,48000,3292800,4800,3074.515,138.04364,12923.75,0.15013169,4353.1685,1.8942153,6.2934685
80f77a28a,48000,3297600,4800,3567.63,203.29831,13173.125,0.15669984,4415.7686,1.5932819,5.283038
fb1221f85,48000,3302400,4800,3256.7566,184.28893,13546.25,0.15211299,4567.0977,1.7578591,5.608663
55a696e51,48000,3307200,4800,5140.3433,277.2823,16670.625,0.19485728,5448.075,1.0820373,3.4172876
6e5efb98f,48000,3312000,4800,2898.8657,390.9875,12577.813,0.12878986,4254.8394,2.0257423,6.90138
b3b2de0f2,48000,3316800,4800,2664.7146,318.07556,12774.0625,0.12399605,4279.249,2.220396,7.766197
8c5d6fc9b,48000,3321600,4800,1935.7158,195.81958,9401.5625,0.0939223,3434.1572,2.9445698,12.368015
843fb7c9f,48000,3326400,4800,2876.0103,288.5641,11845.9375,0.10583975,4240.2236,2.5007882,10.71945
0521415c0,48000,3331200,4800,3316.7786,339.14682,16300.312,0.13398814,5192.8213,1.7837931,5.1633606
c57c9c464,48000,3336000,4800,2322.0415,135.32849,10580.9375,0.114613816,3847.6804,2.3972085,8.813138
78e4857d0,48000,3340800,4800,2357.1597,164.27061,10912.1875,0.11371688,3908.2834,2.3739865,8.625095
3b3499e63,48000,3345600,4800,2090.5835,251.55708,10150.9375,0.09952192,3765.3066,2.6181169,9.924371
6637cbed7,48000,3350400,4800,1779.1421,225.51636,9287.1875,0.08827189,3523.9587,2.9511201,12.110661
891177ff4,48000,3355200,4800,2065.5437,361.90564,9284.6875,0.0984311,3516.7463,2.7475824,11.270111
e2b87d690,48000,3360000,4800,2476.2007,171.07245,10979.0625,0.11983384,3909.4182,2.3721526,8.698906
aa7abb5ae,48000,3364800,4800,2272.8726,150.12856,10165.9375,0.110285364,3725.576,2.578231,9.937964
e148f3ead,48000,3369600,4800,2002.96,196.44322,9022.1875,0.09500868,3395.7312,2.8116267,11.625782
82498260a,48000,3374400,4800,2358.3428,217.91602,9530.3125,0.10393618,3524.2307,2.363919,9.204461
a5afbf369,48000,3379200,4800,2123.642,178.04071,9148.4375,0.09414408,3405.9966,2.7075143,10.995162
7c7520865,48000,3384000,4800,2807.4155,143.73775,11390.9375,0.1297998,4006.2466,2.1389153,7.7887883
1c1520546,48000,3388800,4800,2833.5366,139.93382,11785.9375,0.13548225,4178.728,1.9997644,6.8532634
2b63575af,48000,3393600,4800,2339.5645,128.53041,10677.1875,0.12089233,3920.8787,2.447708,9.069009
15ed4aba7,48000,3398400,4800,2270.8962,136.91783,10240.625,0.11665754,3826.39,2.480791,9.339235
cd1c29abd,48000,3403200,4800,2517.4775,169.27809,11298.75,0.12719987,4032.9482,2.243483,7.962845
f0c547e48,48000,3408000,4800,2139.157,133.44464,10506.25,0.109599784,3813.8008,2.5684175,9.707179
9b9d47f63,48000,3412800,4800,2032.3802,169.05403,9704.375,0.10060239,3626.9604,2.671959,10.49679
61b31a15c,48000,3417600,4800,2426.6267,171.83641,11640.0,0.12271467,4024.2576,2.357283,8.422043
984219e8d,48000,3422400,4800,2194.2078,182.11644,10468.125,0.11160454,3794.118,2.5711606,9.70959
e971ee962,48000,3427200,4800,1875.1475,159.74107,9175.0,0.095080085,3471.3142,2.9138496,12.07616
591412950,48000,3432000,4800,2504.4775,232.95651,11111.875,0.121430054,3956.3213,2.262211,8.143725
b2978c55f,48000,3436800,4800,3536.1726,285.1194,14705.0,0.16424583,4742.062,1.649939,5.1068068
3e2a19beb,48000,3441600,4800,3897.7625,293.78967,15255.627,0.17395991,4838.356,1.5160385,4.6491165
98b1c967e,48000,3446400,4800,4612.289,550.8547,16213.438,0.18175942,5287.002,1.3223622,4.0505877
1dd126e01,48000,3451200,4800,3475.3933,406.1968,11743.4375,0.13666415,4006.4539,1.8314368,6.520174
ebfa9e61e,48000,3456000,4800,2729.7869,278.2814,10377.1875,0.1149241,3781.096,2.1295316,7.9641404
f7620c57d,48000,3460800,4800,2930.1968,224.53307,12059.0625,0.13304591,4199.059,1.8182092,5.988379
e1f2a2c05,48000,3465600,4800,2299.6677,214.59332,9773.125,0.10574592,3546.5325,2.68109,11.061065
1be415ffa,48000,3470400,4800,2090.5117,440.01572,10050.625,0.10061051,3674.924,2.8047247,11.232172
1e7ad0ff7,48000,3475200,4800,2422.6833,299.98447,11631.25,0.118745804,4022.1343,2.3627582,8.462865
c1a0ecfb7,48000,3480000,4800,2778.2896,402.9904,13416.25,0.13192187,4382.1567,2.1369312,7.134193
5e9c27d54,48000,3484800,4800,2951.257,400.85577,13550.3125,0.14061075,4439.3193,1.9749249,6.430904
fe9dcd59f,48000,3489600,4800,3136.3755,336.1446,13644.687,0.14644143,4497.425,1.8298461,5.8698754
4683e4442,48000,3494400,4800,2735.638,597.0746,13040.313,0.12638444,4322.9873,2.1284928,7.2098517
5f2ca66b9,48000,3499200,4800,1970.5245,785.5979,9932.8125,0.09064395,3593.1787,2.910376,12.016793
e6657a612,48000,3504000,4800,1805.8998,940.027,9036.25,0.085175894,3422.2996,3.1064336,13.330219
00e1a8e20,48000,3508800,4800,2271.1387,462.4101,11175.625,0.10974098,3920.6917,2.508842,9.230262
0e9521572,48000,3513600,4800,2220.238,477.2939,11002.1875,0.10000141,3814.67,2.5730343,9.621273
7416feda8,48000,3518400,4800,2363.001,383.79974,11755.9375,0.10702559,3952.424,2.4658723,8.943968
983660d9a,48000,3523200,4800,2187.4028,441.28455,10656.25,0.10264812,3747.448,2.6596572,10.209588
34b450693,48000,3528000,4800,2076.4502,575.30664,10783.125,0.09946428,3812.799,2.714799,10.367319
54e685d3f,48000,3532800,4800,2592.918,404.21112,14350.0,0.11364427,4506.28,2.3037708,7.728239
11e9997d6,48000,3537600,4800,2634.6526,472.455,10961.25,0.103225246,3768.9858,2.404152,9.3538885
275e9ef29,48000,3542400,4800,1907.0667,512.2454,8540.3125,0.08341224,3279.578,3.0163665,13.107561
826c1215a,48000,3547200,4800,1878.033,599.2569,9100.9375,0.09156738,3430.5063,2.9235127,12.297125
d7c0d1140,48000,3552000,4800,2544.7004,517.7719,11060.0,0.10932264,3840.8828,2.4271495,9.545464
bf6cfe502,48000,3556800,4800,2571.7896,500.5855,10810.625,0.11225811,3849.305,2.1976097,8.107138
0909ca6c3,48000,3561600,4800,2438.7324,374.78427,11419.375,0.11494464,3964.7705,2.318102,8.314368
86deee8d4,48000,3566400,4800,2241.1191,582.80676,10452.5,0.10431127,3753.292,2.5344996,9.590246
4d816fbff,48000,3571200,4800,2490.646,480.35605,11115.0,0.11445409,3959.638,2.2341955,7.9414682
485f7dc9c,48000,3576000,4800,2172.5352,660.775,10303.125,0.1004695,3793.8804,2.5153162,9.426862
fb8173ea9,48000,3580800,4800,1968.21,609.722,11004.0625,0.09417355,3689.2124,2.7278924,10.4579735
758dbb7e0,48000,3585600,4800,2048.956,473.8893,10835.3125,0.101299055,3707.8757,2.7166975,10.5500555
a1af9742b,48000,3590400,4800,1724.9785,400.82867,8864.0625,0.082947224,3311.9724,3.1362915,13.591223
be8836e44,48000,3595200,4800,1671.9478,765.073,8712.8125,0.082484394,3278.51,3.2061682,14.397636
7d23e31fb,48000,3600000,4800,1713.8113,664.44073,8794.0625,0.08358835,3341.5486,3.1882515,14.117519
d2dec0de8,48000,3604800,4800,1595.8739,507.8503,8364.0625,0.07914967,3260.35,3.3500314,15.19778
6533e6f84,48000,3609600,4800,1508.7882,568.8127,7801.25,0.07278928,3082.1838,3.4912865,16.59621
46b32aa02,48000,3614400,4800,1440.4537,516.37555,7534.375,0.069426686,3037.2324,3.625892,17.683012
f04411c88,48000,3619200,4800,1666.9156,338.23038,8321.5625,0.08329057,3234.5715,3.2644963,14.740552
cf176cfa7,48000,3624000,4800,1861.3625,411.91336,8942.8125,0.08947977,3382.2876,2.7799234,11.384727
4f3cde950,48000,3628800,4800,1673.0052,415.8954,8624.0625,0.07998403,3214.1414,3.1062226,13.688242
2c0b79bf7,48000,3633600,4800,1468.7084,601.1051,8117.8125,0.071034946,3126.0588,3.4780545,16.2112
6702b7197,48000,3638400,4800,1560.3002,747.4412,8450.9375,0.07560559,3222.3489,3.3672004,15.411867
1f2c6537f,48000,3643200,4800,1566.5734,401.3039,8064.6875,0.0741896,3086.8071,3.3907092,15.87734
a24652e31,48000,3648000,4800,1615.2239,453.67136,8451.25,0.07783281,3290.6233,3.3255827,14.930201
edee5f30d,48000,3652800,4800,1407.2483,851.70435,7525.0,0.06862432,2974.4194,3.6134586,17.782927
28b1b2b9a,48000,3657600,4800,1402.5286,363.58646,7406.25,0.06666398,2980.04,3.7252882,18.617949
5331201a3,48000,3662400,4800,1290.7352,425.7681,7075.0,0.06269233,2839.2764,3.89252,20.117174
b11152de4,48000,3667200,4800,1397.655,710.0022,7364.0625,0.062419064,2823.521,3.5563135,17.969774
d5f5b9e41,48000,3672000,4800,1224.177,705.9417,6075.3125,0.05427313,2608.4424,4.1457977,23.232483
28345155c,48000,3676800,4800,1210.739,604.457,6075.9375,0.055672657,2684.998,4.194958,23.051441
89608aa0d,48000,3681600,4800,1396.6129,350.9647,6992.1875,0.06688059,2867.228,3.8119938,19.516294
8aa885282,48000,3686400,4800,1108.6554,664.41,5679.6875,0.050181095,2497.461,4.394615,25.58666
71a761f6b,48000,3691200,4800,1187.0792,720.3574,5969.0625,0.053575937,2542.1562,4.214697,23.909847
52f56be2c,48000,3696000,4800,1245.9315,763.7942,6519.375,0.057282347,2712.908,4.1225185,22.343594
d7ff5a629,48000,3700800,4800,1744.9701,595.71,9423.125,0.085896544,3472.6726,3.1470027,13.538903
ab3c74f31,48000,3705600,4800,2069.4905,598.84735,11349.6875,0.09989637,3925.5117,2.7723854,10.670098
e6cee088a,48000,3710400,4800,1874.643,725.4818,9436.5625,0.089958966,3588.8433,2.975749,12.282464
80cbc0862,48000,3715200,4800,1524.2815,706.16425,8082.8125,0.072864324,3154.7432,3.4484115,15.980416
082a7acad,48000,3720000,4800,1659.7844,644.54785,8639.6875,0.08153147,3276.8513,3.1747303,13.933202
e999c7268,48000,3724800,4800,1860.7529,477.41406,9177.8125,0.0905717,3459.3672,2.9041252,12.064748
60d7be728,48000,3729600,4800,1599.5294,462.0143,8205.9375,0.075210474,3151.856,3.3265662,15.283737
98827ca8b,48000,3734400,4800,1755.5387,432.9502,8271.5625,0.08183174,3210.4036,3.1369991,14.050406
b7c40ffcb,48000,3739200,4800,1749.7258,500.6365,8903.4375,0.08688047,3357.375,3.0713122,13.174529
7ed379145,48000,3744000,4800,2041.9198,443.90543,10480.9375,0.10219945,3688.4675,2.7574527,10.812718
0a46a156a,48000,3748800,4800,1906.898,353.72974,10028.4375,0.09536138,3592.72,2.936517,11.909094
6c4e323fc,48000,3753600,4800,1517.146,516.0174,8010.9375,0.07476782,3115.1997,3.4541118,16.131865
a2d3c3931,48000,3758400,4800,1333.1722,624.9776,7088.4375,0.06397834,2824.5447,3.8523161,19.765472
95ec87acd,48000,3763200,4800,1275.7142,512.96844,6293.75,0.06078605,2693.902,4.04746,22.010786
2bacd3d65,48000,3768000,4800,1357.0996,1048.7212,6993.75,0.064701565,2940.01,3.9712813,21.051619
0ef20d4d1,48000,3772800,4800,1712.7703,518.42316,9020.3125,0.08442044,3411.863,3.2167559,13.944513
0355c890a,48000,3777600,4800,1420.5458,745.4419,7769.6875,0.06823549,3033.8962,3.7259533,18.255625
006728671,48000,3782400,4800,1492.5623,479.21832,7355.9375,0.07176762,3024.2268,3.7853858,19.018719
fea4163e4,48000,3787200,4800,1313.3445,526.7015,6075.3125,0.05911909,2704.3484,4.2391706,23.82712
1d15924c0,48000,3792000,4800,1514.6157,468.75183,7460.3125,0.07222406,3107.462,3.801008,18.827887
6186f69d2,48000,3796800,4800,1585.2927,471.7275,8015.9375,0.07699482,3222.6213,3.5973613,17.03303
e7c6ed472,48000,3801600,4800,1736.9243,569.95026,9223.4375,0.087131426,3472.0862,3.147251,13.361992
387d7ae0f,48000,3806400,4800,1767.3942,413.6673,9133.4375,0.08904481,3419.3342,3.1151865,13.261488
f6411478d,48000,3811200,4800,1543.0449,437.6874,7767.1875,0.07596202,3108.7788,3.6221054,17.605898
51457c0c4,48000,3816000,4800,1741.2863,464.5149,9048.4375,0.0835061,3390.232,3.3948076,16.106314
10389a460,48000,3820800,4800,3655.5962,973.8918,16020.313,0.15249082,5103.929,1.6908288,5.237932
158fb903e,48000,3825600,4800,6436.6826,1015.9546,18379.688,0.21480545,5970.495,0.70487416,2.3826768
2c05f305b,48000,3830400,4800,6928.7144,1009.6394,18559.062,0.22165744,5937.263,0.5976105,2.3143055
b00955823,48000,3835200,4800,6069.2617,871.71716,18118.438,0.21251407,5915.042,0.7820002,2.5137854
7da7f2f93,48000,3840000,4800,3686.1711,456.55484,17060.312,0.15887906,5355.475,1.6622825,4.770489
c31ce60ff,48000,3844800,4800,2086.429,481.19522,11694.6875,0.10134744,3964.8167,2.7814443,10.523526
c2f7b143e,48000,3849600,4800,2118.228,667.1106,12299.0625,0.10315406,4066.349,2.706764,10.008836
a9d0038d7,48000,3854400,4800,1578.9083,1002.16864,8648.4375,0.076956674,3271.627,3.360821,15.064928
87ef47ba3,48000,3859200,4800,1582.4325,693.9537,8200.625,0.07546133,3136.2395,3.4308145,15.966467
5982af360,48000,3864000,4800,1800.3016,437.54593,8971.875,0.08734727,3380.122,3.1500607,13.7339945
14a54b688,48000,3868800,4800,1901.8121,641.03534,9637.8125,0.09218646,3559.302,2.9516168,12.245593
888efb8a5,48000,3873600,4800,1808.7854,728.92975,9082.1875,0.08510493,3405.4553,3.0336995,12.943894
d9603f549,48000,3878400,4800,1838.4958,987.40625,9017.1875,0.08151801,3409.782,3.2467108,14.098769
700a5c64c,48000,3883200,4800,1909.8962,1246.0333,10444.6875,0.09060473,3710.065,2.9872184,11.965115
dd4ad62ea,48000,3888000,4800,1997.7025,896.28064,9256.875,0.08773689,3349.2502,2.9308014,12.784481
953591e72,48000,3892800,4800,1826.2256,1224.9381,8151.25,0.074931055,3110.314,3.0721853,14.317821
a24c46c17,48000,3897600,4800,1952.9596,818.56,8854.6875,0.08542952,3319.5457,2.9035113,12.773516
d94faec4e,48000,3902400,4800,1701.8308,449.6074,7924.0625,0.07665023,3070.088,3.4304526,16.42768
44bd47439,48000,3907200,4800,1387.8966,866.80524,6914.6875,0.062030196,2794.7112,3.8766406,20.407103
31d706255,48000,3912000,4800,1516.8612,565.6188,7584.0625,0.068443604,2950.2537,3.6369524,18.009275
927caacb3,48000,3916800,4800,1464.414,898.3499,7533.125,0.0678356,3046.6858,3.7631974,18.687952
4aec0c50a,48000,3921600,4800,1298.9602,1337.2092,6508.125,0.059379768,2893.433,4.1267104,21.827389
0a1ed1ea3,48000,3926400,4800,1806.602,951.73395,9200.0,0.085661165,3462.262,3.1216218,13.459676
30cb32044,48000,3931200,4800,2287.7224,769.79553,11468.75,0.106238745,3919.2559,2.4901102,9.1822605
26942922d,48000,3936000,4800,2259.114,1341.8746,10874.0625,0.10108766,3845.8125,2.4394536,9.064847
17372c482,48000,3940800,4800,2282.917,1193.9641,12260.3125,0.10268547,4118.2207,2.563665,9.325212
4a669afeb,48000,3945600,4800,2419.832,1174.286,13071.25,0.10720876,4189.246,2.5521016,9.1778145
560d37e5c,48000,3950400,4800,1681.4542,1470.1005,8694.375,0.07713489,3307.6172,3.3227844,14.8505745
17dfe57db,48000,3955200,4800,1882.0042,925.14044,9158.4375,0.08595094,3451.7092,3.093245,13.195034
0e3d5cc0e,48000,3960000,4800,1843.9159,658.69,8442.8125,0.08017773,3203.9,3.2881367,15.277705
32ba08d66,48000,3964800,4800,1459.4775,1242.3562,6229.375,0.057481874,2652.2964,3.8538134,21.052702
6bcd05bce,48000,3969600,4800,1450.3958,7071.4966,5790.625,0.048993666,2603.9973,3.9865751,22.926735
62554f219,48000,3974400,4800,1745.906,3439.5508,7495.3125,0.06424858,2885.1401,3.2883072,16.259775
97a0709ed,48000,3979200,4800,2378.375,5379.1167,10815.3125,0.093126446,3814.7188,2.5140007,9.869504
dbc82cbef,48000,3984000,4800,2127.0276,1607.7987,10490.0,0.09110791,3793.6292,2.6817114,10.318947
5a035e9cc,48000,3988800,4800,1896.0648,1261.2029,8783.125,0.082008615,3354.445,2.9991858,13.049427
9271cf3f0,48000,3993600,4800,2300.7454,1443.3604,10314.0625,0.09847357,3748.796,2.6001308,10.117568
ebee0a7fb,48000,3998400,4800,2062.596,1978.8514,9554.0625,0.08755245,3490.1594,2.8444762,11.712331
50c95d205,48000,4003200,4800,2148.7734,4688.751,9846.875,0.08685154,3563.6484,2.747967,11.578282
9661a5f81,48000,4008000,4800,1802.605,8149.5317,7941.25,0.06580909,3075.3042,3.3011284,15.774403
0d7991e6b,48000,4012800,4800,1763.5073,3487.7642,6840.3125,0.06339994,2869.6816,3.5248914,18.317678
f382ef455,48000,4017600,4800,1497.0629,3767.5083,5645.3125,0.052098103,2556.814,3.8999093,22.210651
e8ed63b12,48000,4022400,4800,1457.528,1900.3898,5193.125,0.04464257,2281.3826,3.9804215,25.006752
15cad28dc,48000,4027200,4800,1697.4432,2450.7441,6115.0,0.05437322,2523.4292,3.458844,19.079695
da3e8e459,48000,4032000,4800,1761.4146,1032.314,5904.375,0.052509036,2456.8032,3.2536652,18.13818
7df45bb9f,48000,4036800,4800,1528.834,1928.4976,5275.625,0.043167215,2266.2024,3.6511474,22.096418
bbcf77165,48000,4041600,4800,1600.5872,2457.6707,5703.125,0.053083733,2500.913,3.58533,20.354523
291e69aa8,48000,4046400,4800,1569.5363,3039.6587,5430.625,0.049072985,2401.7976,3.5485954,20.739157
e0649631a,48000,4051200,4800,1411.634,2935.0095,4606.875,0.035237893,2078.6987,3.8422909,25.348158
1ddfe3bc8,48000,4056000,4800,1494.6477,1704.86,4808.75,0.04223374,2228.3916,3.78398,23.714062
9f1310968,48000,4060800,4800,1338.0372,1549.7255,4557.1875,0.037670054,2130.5913,4.1301966,27.330078
901b9eec9,48000,4065600,4800,1581.4952,820.7723,5240.9375,0.04889034,2346.6357,3.783809,22.97979
82c70b5ba,48000,4070400,4800,1517.7529,1326.0586,5411.875,0.04776671,2343.0417,3.7883573,22.800316
c3d563f88,48000,4075200,4800,1595.2593,2036.8829,6075.0,0.0535702,2719.834,3.7083235,19.9203
463da5c3c,48000,4080000,4800,1496.9165,1467.7455,5220.9375,0.044192255,2238.789,3.894729,24.73912
998b8a85e,48000,4084800,4800,1368.4741,1330.6772,4557.1875,0.034512103,2019.5483,4.013626,27.671797
88b417045,48000,4089600,4800,1528.9122,1661.4056,5081.25,0.04819079,2376.069,3.9319673,23.926886
1d5535ed9,48000,4094400,4800,1522.0054,1724.7872,5294.375,0.047490202,2314.9631,3.7995737,23.303968
43ee1ca8b,48000,4099200,4800,1719.575,1234.396,6517.5,0.05982179,2642.6626,3.3293629,17.74581
1ba156b4d,48000,4104000,4800,1588.5573,1542.9155,5759.375,0.048129365,2443.5986,3.7341468,21.58157
10e0bb676,48000,4108800,4800,1527.94,1921.7247,5623.4375,0.042962886,2380.8188,3.60751,20.92929
1213bab65,48000,4113600,4800,1507.2463,1581.5305,5220.3125,0.04368531,2255.555,3.7679963,23.528568
7cbb3f425,48000,4118400,4800,1748.4404,1370.5345,6239.6875,0.05846646,2625.187,3.503837,19.31947
c993cd6e9,48000,4123200,4800,1705.7767,2614.6204,6282.8125,0.056051318,2599.1692,3.4191053,19.009586
dbeea3ba5,48000,4128000,4800,1680.4802,9185.997,7560.625,0.06530981,3029.1702,3.4103682,17.670095
afaee093c,48000,4132800,4800,1574.2441,9075.9,7425.0,0.060104135,2842.604,3.414231,17.62237
5fc844f1f,48000,4137600,4800,2275.6487,4817.9985,10507.1875,0.08401389,3495.4,2.8231924,12.871843
676239213,48000,4142400,4800,1681.6652,2397.916,5838.4375,0.047061738,2365.5142,3.1836126,18.225185
c81d44c72,48000,4147200,4800,1386.7119,1750.3733,4653.125,0.041126493,2157.2537,4.06948,26.475107
aa10889b9,48000,4152000,4800,1405.4059,2393.4045,4941.875,0.04207029,2181.53,3.9881876,25.362434
995b649fa,48000,4156800,4800,1122.1233,5641.837,4549.0625,0.03233781,1966.2589,3.9772806,25.802633
f18a97e85,48000,4161600,4800,1305.3508,3986.2053,5089.6875,0.032737836,2053.8545,3.5581787,21.538792
1865c841e,48000,4166400,4800,1324.9414,2627.6155,5352.1875,0.040702894,2195.0942,3.5905802,21.303253
e966dcd37,48000,4171200,4800,1543.8037,2234.6187,5936.5625,0.04535804,2373.5564,3.2909894,18.023005
2039bc65a,48000,4176000,4800,1609.0529,1222.0592,6100.9375,0.04453564,2312.9705,3.141483,17.139593
25354f201,48000,4180800,4800,1483.6265,2304.8555,5576.5625,0.043623976,2243.9148,3.2770963,18.78078
66f74e17a,48000,4185600,4800,1609.5735,1647.018,6085.0,0.050901897,2383.836,3.3231707,18.59351
6ad7c692d,48000,4190400,4800,2524.8638,2074.8691,9274.375,0.09166113,3512.721,2.4129477,10.548922
b08640e67,48000,4195200,4800,3020.299,2334.5881,10833.4375,0.110997036,4003.6567,1.9318249,6.9740276
013de13fe,48000,4200000,4800,1851.7736,1906.3732,7027.1875,0.062305965,2762.9353,3.1413062,16.375826
912443a0d,48000,4204800,4800,1827.2933,1037.1337,6435.625,0.055459835,2511.3374,3.0352643,16.25934
5b2bc6005,48000,4209600,4800,1933.7617,778.1877,6645.625,0.059534684,2570.2917,3.021763,16.157764
355c98cf0,48000,4214400,4800,1911.3612,922.8146,5896.875,0.04762419,2312.0554,2.9259882,16.972607
4429c5402,48000,4219200,4800,1572.5269,1462.8431,5059.375,0.041959234,2163.188,3.7268891,23.756508
376c2e46e,48000,4224000,4800,1573.2769,1533.4979,4895.9375,0.04385172,2204.2253,3.8607035,24.484468
831c598a5,48000,4228800,4800,1602.189,906.295,5425.9375,0.049952526,2296.3318,3.6034033,21.409243
e6bc708f8,48000,4233600,4800,1854.9967,1015.4996,6798.4375,0.059045188,2580.5671,2.9492083,15.311805
e4e326e13,48000,4238400,4800,1641.9852,1269.7759,5693.4375,0.0511571,2355.3838,3.4855335,20.424479
e56aa409b,48000,4243200,4800,1656.3903,1178.1525,6093.125,0.05664542,2585.5303,3.580616,19.86736
b93f6f027,48000,4248000,4800,1589.2603,1304.7694,5951.25,0.05287406,2438.5225,3.585372,20.317055
f89aec50e,48000,4252800,4800,1975.3508,1696.9268,7493.125,0.06692598,2840.5305,3.0503008,15.320946
f87f4dd2d,48000,4257600,4800,1699.0541,1215.3823,5908.75,0.050920054,2392.4072,3.3423011,19.17529
5febc0167,48000,4262400,4800,1503.3813,1014.09875,5178.75,0.046623524,2262.1633,3.7913852,23.182903
22449d235,48000,4267200,4800,1829.6171,1021.83105,7168.75,0.06847015,2778.3545,3.3572905,17.295725
ec60ba366,48000,4272000,4800,1858.8029,885.2549,7698.4375,0.072225034,2886.7578,3.1049669,14.896929
1ccf35514,48000,4276800,4800,1651.1613,1146.8789,6736.5625,0.059400614,2579.0737,3.4593575,18.479403
d46ee4139,48000,4281600,4800,1578.9386,877.4098,5633.125,0.05017692,2338.8804,3.6352742,21.411283
109337dd5,48000,4286400,4800,1675.6381,1181.5836,5885.625,0.0522797,2454.946,3.4543977,19.09207
bdff656ff,48000,4291200,4800,1691.4985,1066.2806,5558.4375,0.049376044,2346.7495,3.4494302,20.071806
f77707d84,48000,4296000,4800,1926.7588,875.4854,6482.8125,0.061685994,2626.937,2.9312766,15.047188
3702d30bf,48000,4300800,4800,1542.6992,1757.6327,5695.0,0.051679224,2385.7842,3.5043368,19.901127
0d5eb9ce5,48000,4305600,4800,1596.9799,1104.5763,6598.125,0.05962102,2595.1665,3.5126517,18.70667
5afe596c8,48000,4310400,4800,1421.6442,1240.9207,5571.5625,0.04865129,2336.3904,3.8294177,22.504494
8946cc85e,48000,4315200,4800,1350.1343,1158.3965,4785.3125,0.04235857,2158.6975,3.9647338,25.120035
81e895648,48000,4320000,4800,1468.0077,919.4602,4822.8125,0.04355876,2191.4143,3.8941178,24.572716
b1e905e16,48000,4324800,4800,1621.0763,1053.6694,6589.0625,0.05845903,2576.4329,3.4393551,18.248184
665ea4d96,48000,4329600,4800,1558.3264,977.30524,5411.875,0.046726275,2293.6746,3.5995,21.183655
1db1b8caa,48000,4334400,4800,1455.5175,1260.2572,4736.25,0.041731622,2142.6526,3.8453088,24.600077
df04d255e,48000,4339200,4800,1642.2404,1172.4779,5884.0625,0.051459268,2454.1016,3.5178263,20.316347
ae41da17e,48000,4344000,4800,1499.2273,1078.6887,4569.0625,0.037622172,2072.3567,3.7461178,24.81466
2d7209bc9,48000,4348800,4800,1528.9146,980.10376,4590.625,0.038215633,2079.9722,3.74375,24.546488
983c8b5e1,48000,4353600,4800,1654.1027,1021.9754,4952.5,0.043187242,2180.3176,3.616071,23.115732
e5d6bd228,48000,4358400,4800,1655.1981,1149.0621,4815.625,0.03849106,2078.7039,3.3849244,21.971474
b8e7594b4,48000,4363200,4800,1454.4773,1177.2694,4489.375,0.032757066,1938.551,3.6337647,25.363281
c1b5993f5,48000,4368000,4800,1318.1373,1886.9308,4316.25,0.033649676,1963.5525,4.054667,28.52345
b6d76e9c4,48000,4372800,4800,1438.2069,1186.1935,4405.0,0.03401029,1977.5292,4.0153184,28.003523
56839f917,48000,4377600,4800,1490.7637,1094.4652,4458.125,0.0371906,1984.8582,4.035722,28.12859
2c0d7fc35,48000,4382400,4800,1442.3883,1116.4543,4546.25,0.037637822,2030.4137,3.7851562,25.14945
e6e99f22b,48000,4387200,4800,1482.3688,1183.6002,4722.5,0.039168105,2064.103,3.6857495,23.873613
303eb4bf1,48000,4392000,4800,1479.4392,1382.0437,4899.375,0.043952867,2204.9763,3.7199194,23.002253
01838dd7d,48000,4396800,4800,1762.7134,1294.3281,6728.4375,0.061392795,2610.8516,3.3178003,17.337608
6955b57d7,48000,4401600,4800,1839.3016,1050.79,6954.0625,0.06340423,2615.1995,3.2625115,16.828917
3072c067d,48000,4406400,4800,1690.65,1248.6112,6085.9375,0.056519087,2477.1511,3.4552815,19.009104
5c6986fb1,48000,4411200,4800,1753.0283,1168.2368,6722.8125,0.0603641,2593.556,3.3676324,17.641188
c3dd596e0,48000,4416000,4800,1675.4695,1227.1042,5996.875,0.05405444,2439.7942,3.4434347,19.081041
dd51d50b2,48000,4420800,4800,1605.9694,1411.3683,5637.5,0.051932406,2358.8037,3.5781934,20.678549
b3bc31a0a,48000,4425600,4800,1628.6995,1049.9677,5387.5,0.04876154,2320.6428,3.583016,21.164341
19364b750,48000,4430400,4800,1671.2147,1001.04877,5991.875,0.054692216,2435.7395,3.4582934,19.261658
2b57821be,48000,4435200,4800,1715.6725,1141.3668,5878.75,0.053310517,2410.15,3.487264,19.73722
1f2c33b9d,48000,4440000,4800,1705.8938,1016.8495,6061.875,0.056112785,2474.589,3.5571876,20.028301
d26026693,48000,4444800,4800,1692.2958,876.7246,5759.0625,0.05367201,2419.7322,3.6202812,20.794138
b4d5300cf,48000,4449600,4800,1704.8484,1040.8981,6284.0625,0.05822178,2526.6042,3.469297,18.733568
266435f96,48000,4454400,4800,1745.388,731.82574,6275.3125,0.057267603,2498.8926,3.4807816,19.039907
0320ebf71,48000,4459200,4800,1617.3446,1194.0785,5337.8125,0.04829304,2288.4387,3.650888,21.59368
1d9783c38,48000,4464000,4800,1548.6101,1142.3611,4935.9375,0.043671276,2166.4795,3.716106,23.179594
11a9e37b0,48000,4468800,4800,1502.293,1294.7986,4859.6875,0.043598577,2150.0996,3.7853816,23.719942
aac2a5697,48000,4473600,4800,1516.9424,1081.1575,4689.6875,0.04069465,2090.7043,3.8279424,24.814758
810e8b472,48000,4478400,4800,1493.7512,948.3113,4807.8125,0.044298377,2169.271,3.898182,24.501133
7f7b3a623,48000,4483200,4800,1585.8036,917.18353,5088.4375,0.047138404,2230.6655,3.745469,23.02717
d7f7d5870,48000,4488000,4800,1511.4673,1199.2942,4655.3125,0.041864667,2086.8984,3.8963053,25.416204
bed1867f3,48000,4492800,4800,1490.832,1090.5148,4583.75,0.039111625,2043.638,3.7576628,24.800629
